637945309519988781;156.9569;8;0;4.5;0.1;2.2;1900;2.36842105263158;-0.3762217;0.4663379;-0.37231;0.4321015;0;2.6;-0.0101008;2.586211;
637945309541980636;159.1569;8;0;4.5;0.1;2.2;2200;2.04545454545455;0.7070663;2.342649;0.6941219;2.352092;-0.3762217;0.4663379;-0.37231;0.4321015;
637945309558073882;160.7662;8;0;4.5;0.1;2.2;1609;2.79676817899316;-0.9526277;0.9499994;-0.9275181;0.9426342;0.7070663;2.342649;0.6941219;2.352092;
637945309574056677;162.3646;8;0;4.5;0.1;2.2;1598;2.81602002503129;1.083289;1.691013;1.051194;1.709384;-0.9526277;0.9499994;-0.9275181;0.9426342;
637945309600509675;165.021;8;0;4.5;0.1;2.2;2656;1.69427710843373;-1.083289;1.691012;-1.042124;1.718926;1.083289;1.691013;1.051194;1.709384;
637945309626927289;167.6518;8;0;4.5;0.1;2.2;2631;1.71037628278221;0.9526281;0.9500003;0.937679;0.9550749;-1.083289;1.691012;-1.042124;1.718926;
637945309644014593;169.3592;8;0;4.5;0.1;2.2;1707;2.63620386643234;-0.7070671;2.342648;-0.7081326;2.347193;0.9526281;0.9500003;0.937679;0.9550749;
637945309662593456;171.2147;8;0;4.5;0.1;2.2;1856;2.42456896551724;0.3762226;0.4663382;0.3758259;0.4684277;-0.7070671;2.342648;-0.7081326;2.347193;
637945309730970411;178.0557;8;0;4;0.1;1.4;4199;0.952607763753275;-0.2394138;0.8422151;-0.2415232;0.8051125;0;2.2;0.03674001;2.200043;
637945309746573136;179.6154;8;0;4;0.1;1.4;1560;2.56410256410256;0.4499513;2.036231;0.4398423;2.019985;-0.2394138;0.8422151;-0.2415232;0.8051125;
637945309765975153;181.5562;8;0;4;0.1;1.4;1941;2.0607934054611;-0.6062176;1.15;-0.5902585;1.194068;0.4499513;2.036231;0.4398423;2.019985;
637945309783168929;183.2757;8;0;4;0.1;1.4;1720;2.32558139534884;0.6893654;1.621554;0.7034554;1.611102;-0.6062176;1.15;-0.5902585;1.194068;
637945309815156127;186.4748;8;0;4;0.1;1.4;3199;1.25039074710847;-0.6893655;1.621553;-0.6680622;1.623237;0.6893654;1.621554;0.7034554;1.611102;
637945309840251410;188.984;8;0;4;0.1;1.4;2509;1.59426066161817;0.6062179;1.15;0.5659344;1.161238;-0.6893655;1.621553;-0.6680622;1.623237;
637945309869234085;191.8827;8;0;4;0.1;1.4;2899;1.37978613314936;-0.4499517;2.036231;-0.4263428;2.005002;0.6062179;1.15;0.5659344;1.161238;
637945309889338767;193.8924;8;0;4;0.1;1.4;2010;1.99004975124378;0.2394144;0.8422153;0.2181439;0.8628038;-0.4499517;2.036231;-0.4263428;2.005002;
637945309914118101;196.3708;8;0;2;0.6;1.8;1290;1.55038759689922;-0.3078177;0.6542765;-0.21049;0.8679527;0;2.4;0.002657227;2.394906;
637945309926113641;197.5705;8;0;2;0.6;1.8;1200;1.66666666666667;0.5785087;2.18944;0.5142125;2.181795;-0.3078177;0.6542765;-0.21049;0.8679527;
637945309948195917;199.7788;8;0;2;0.6;1.8;2208;0.905797101449275;-0.7794226;1.05;-0.6671576;1.013582;0.5785087;2.18944;0.5142125;2.181795;
637945309961113177;201.0688;8;0;2;0.6;1.8;1290;1.55038759689922;0.8863269;1.656283;0.7979168;1.670434;-0.7794226;1.05;-0.6671576;1.013582;
637945309973325311;202.291;8;0;2;0.6;1.8;1222;1.6366612111293;-0.8863271;1.656283;-0.875728;1.679617;0.8863269;1.656283;0.7979168;1.670434;
637945309987292752;203.6883;8;0;2;0.6;1.8;1397;1.43163922691482;0.779423;1.05;0.8274955;1.06975;-0.8863271;1.656283;-0.875728;1.679617;
637945310000415047;205.0005;8;0;2;0.6;1.8;1312;1.52439024390244;-0.5785094;2.18944;-0.5623346;2.095705;0.779423;1.05;0.8274955;1.06975;
637945310016277997;206.5864;8;0;2;0.6;1.8;1586;1.26103404791929;0.3078185;0.6542768;0.02294223;0.7460959;-0.5785094;2.18944;-0.5623346;2.095705;
637945310044262889;209.3854;8;0;1.5;1.1;2;1110;1.35135135135135;-0.3420197;0.5603072;-0.2370521;0.7872088;0;2.5;-0.02889348;2.431752;
637945310057210158;210.6805;8;0;1.5;1.1;2;1295;1.15830115830116;0.6427875;2.266045;0.6018636;2.191629;-0.3420197;0.5603072;-0.2370521;0.7872088;
637945310068259469;211.7849;8;0;1.5;1.1;2;1104;1.35869565217391;-0.8660251;0.9999995;-0.8278477;1.194741;0.6427875;2.266045;0.6018636;2.191629;
637945310080915520;213.0479;8;0;1.5;1.1;2;1263;1.18764845605701;0.9848077;1.673648;0.9333416;1.563581;-0.8660251;0.9999995;-0.8278477;1.194741;
637945310094347867;214.3937;8;0;1.5;1.1;2;1346;1.11441307578009;-0.9848078;1.673648;-0.7767952;1.689054;0.9848077;1.673648;0.9333416;1.563581;
637945310105229769;215.4822;8;0;1.5;1.1;2;1088;1.37867647058824;0.8660256;1;0.8391387;1.206226;-0.9848078;1.673648;-0.7767952;1.689054;
637945310129268972;217.8843;8;0;1.5;1.1;2;2402;0.624479600333056;-0.6427882;2.266044;-0.6564756;2.110278;0.8660256;1;0.8391387;1.206226;
637945310140215886;218.9806;8;0;1.5;1.1;2;1096;1.36861313868613;0.3420205;0.5603075;0.3986232;0.8535142;-0.6427882;2.266044;-0.6564756;2.110278;
637945310169459712;221.9046;8;0;3.5;0.2;2;1499;2.33488992661775;-0.3420197;0.5603072;-0.3208631;0.6412945;0;2.5;-0.01488698;2.481385;
637945310188428009;223.8019;8;0;3.5;0.2;2;1897;1.8450184501845;0.6427875;2.266045;0.6263624;2.251834;-0.3420197;0.5603072;-0.3208631;0.6412945;
637945310202295430;225.1882;8;0;3.5;0.2;2;1386;2.52525252525253;-0.8660251;0.9999995;-0.8480598;1.068334;0.6427875;2.266045;0.6263624;2.251834;
637945310216288253;226.5876;8;0;3.5;0.2;2;1399;2.50178699070765;0.9848077;1.673648;0.9750473;1.685012;-0.8660251;0.9999995;-0.8480598;1.068334;
637945310232266041;228.1859;8;0;3.5;0.2;2;1598;2.19023779724656;-0.9848078;1.673648;-0.9340984;1.647933;0.9848077;1.673648;0.9750473;1.685012;
637945310247328563;229.6918;8;0;3.5;0.2;2;1506;2.32403718459495;0.8660256;1;0.8065698;1.034871;-0.9848078;1.673648;-0.9340984;1.647933;
637945310261265996;231.0857;8;0;3.5;0.2;2;1394;2.51076040172166;-0.6427882;2.266044;-0.5671892;2.212049;0.8660256;1;0.8065698;1.034871;
637945310275613508;232.5314;8;0;3.5;0.2;2;1446;2.42047026279391;0.3420205;0.5603075;0.3290151;0.6594564;-0.6427882;2.266044;-0.5671892;2.212049;
637945310301315725;235.0903;8;0;3;0.2;1.4;1403;2.13827512473272;-0.2394138;0.8422151;-0.2423125;0.8581265;0;2.2;-0.03585823;2.221694;
637945310313272814;236.2859;8;0;3;0.2;1.4;1196;2.50836120401338;0.4499513;2.036231;0.447854;2.051546;-0.2394138;0.8422151;-0.2423125;0.8581265;
637945310324680021;237.4375;8;0;3;0.2;1.4;1152;2.60416666666667;-0.6062176;1.15;-0.5900916;1.059771;0.4499513;2.036231;0.447854;2.051546;
637945310338342410;238.7926;8;0;3;0.2;1.4;1355;2.2140221402214;0.6893654;1.621554;0.6385117;1.660801;-0.6062176;1.15;-0.5900916;1.059771;
637945310352334984;240.1923;8;0;3;0.2;1.4;1394;2.15208034433285;-0.6893655;1.621553;-0.6317243;1.60514;0.6893654;1.621554;0.6385117;1.660801;
637945310364572362;241.416;8;0;3;0.2;1.4;1215;2.46913580246914;0.6062179;1.15;0.5366265;1.19816;-0.6893655;1.621553;-0.6317243;1.60514;
637945310378324768;242.7912;8;0;3;0.2;1.4;1375;2.18181818181818;-0.4499517;2.036231;-0.452835;2.05482;0.6062179;1.15;0.5366265;1.19816;
637945310390493454;244.0084;8;0;3;0.2;1.4;1217;2.46507806080526;0.2394144;0.8422153;0.2106023;0.885125;-0.4499517;2.036231;-0.452835;2.05482;
637945310426294715;247.5887;8;0;2.5;0.3;1.4;2199;1.1368804001819;-0.2394138;0.8422151;-0.1664115;0.9401158;0;2.2;0.01398391;2.154081;
637945310438296810;248.7887;8;0;2.5;0.3;1.4;1200;2.08333333333333;0.4499513;2.036231;0.4541199;2.014584;-0.2394138;0.8422151;-0.1664115;0.9401158;
637945310461405848;251.0994;8;0;2.5;0.3;1.4;2311;1.08178277801817;-0.6062176;1.15;-0.5502961;1.197284;0.4499513;2.036231;0.4541199;2.014584;
637945310473393556;252.2985;8;0;2.5;0.3;1.4;1199;2.08507089241034;0.6893654;1.621554;0.661597;1.60764;-0.6062176;1.15;-0.5502961;1.197284;
637945310485383651;253.4974;8;0;2.5;0.3;1.4;1199;2.08507089241034;-0.6893655;1.621553;-0.5807963;1.675714;0.6893654;1.621554;0.661597;1.60764;
637945310496578120;254.6087;8;0;2.5;0.3;1.4;1111;2.25022502250225;0.6062179;1.15;0.6091488;1.180829;-0.6893655;1.621553;-0.5807963;1.675714;
637945310508481901;255.8072;8;0;2.5;0.3;1.4;1199;2.08507089241034;-0.4499517;2.036231;-0.391315;2.006241;0.6062179;1.15;0.6091488;1.180829;
637945310521374064;257.0964;8;0;2.5;0.3;1.4;1289;1.93948797517455;0.2394144;0.8422153;0.2561831;0.8837664;-0.4499517;2.036231;-0.391315;2.006241;
637945311565652198;361.5236;8;1;2.5;0.3;1.4;2288;1.09265734265734;-0.2394138;0.8422151;-0.2371688;0.913283;0;2.2;0.01579825;2.262959;
637945311591396698;364.1097;8;1;2.5;0.3;1.4;2580;0.968992248062015;0.4499513;2.036231;0.5753791;1.980931;-0.2394138;0.8422151;-0.2371688;0.913283;
637945311616861670;366.6436;8;1;2.5;0.3;1.4;2534;0.986582478295186;-0.6062176;1.15;-0.5435023;1.194187;0.4499513;2.036231;0.5753791;1.980931;
637945311648737242;369.8315;8;1;2.5;0.3;1.4;3145;0.794912559618442;0.6893654;1.621554;0.6460146;1.65145;-0.6062176;1.15;-0.5435023;1.194187;
637945311665800130;371.5392;8;1;2.5;0.3;1.4;1689;1.4801657785672;-0.6893655;1.621553;-0.6448255;1.587801;0.6893654;1.621554;0.6460146;1.65145;
637945311678687385;372.8278;8;1;2.5;0.3;1.4;1289;1.93948797517455;0.6062179;1.15;0.5265292;1.16976;-0.6893655;1.621553;-0.6448255;1.587801;
637945311691789673;374.1383;8;1;2.5;0.3;1.4;1310;1.90839694656489;-0.4499517;2.036231;-0.4634165;1.987534;0.6062179;1.15;0.5265292;1.16976;
637945311705892135;375.5483;8;1;2.5;0.3;1.4;1410;1.77304964539007;0.2394144;0.8422153;0.2049713;0.9166746;-0.4499517;2.036231;-0.4634165;1.987534;
637945311732792008;378.2382;8;1;2;0.6;1.8;1389;1.43988480921526;-0.3078177;0.6542765;-0.3676385;0.9250633;0;2.4;0.002711629;2.174138;
637945311745773979;379.5366;8;1;2;0.6;1.8;1298;1.54083204930663;0.5785087;2.18944;0.557493;2.180386;-0.3078177;0.6542765;-0.3676385;0.9250633;
637945311757771443;380.7361;8;1;2;0.6;1.8;1199;1.66805671392827;-0.7794226;1.05;-0.7297018;1.050916;0.5785087;2.18944;0.557493;2.180386;
637945311781760632;383.135;8;1;2;0.6;1.8;2399;0.833680700291788;0.8863269;1.656283;0.670526;1.681122;-0.7794226;1.05;-0.7297018;1.050916;
637945311793187805;384.2888;8;1;2;0.6;1.8;1154;1.73310225303293;-0.8863271;1.656283;-1.137639;1.565327;0.8863269;1.656283;0.670526;1.681122;
637945311806388417;385.5923;8;1;2;0.6;1.8;1304;1.53374233128834;0.779423;1.05;0.8717466;1.134694;-0.8863271;1.656283;-1.137639;1.565327;
637945311818835596;386.8425;8;1;2;0.6;1.8;1250;1.6;-0.5785094;2.18944;-0.5501106;2.171409;0.779423;1.05;0.8717466;1.134694;
637945311831792862;388.1385;8;1;2;0.6;1.8;1296;1.54320987654321;0.3078185;0.6542768;0.2393896;0.7522776;-0.5785094;2.18944;-0.5501106;2.171409;
637945311865926170;391.5515;8;1;4;0.1;1.4;1707;2.34329232571763;-0.2394138;0.8422151;-0.2422298;0.8733231;0;2.2;0.01370545;2.162149;
637945311883913589;393.3502;8;1;4;0.1;1.4;1799;2.22345747637576;0.4499513;2.036231;0.4178511;2.035899;-0.2394138;0.8422151;-0.2422298;0.8733231;
637945311907797764;395.7389;8;1;4;0.1;1.4;2389;1.67434072833822;-0.6062176;1.15;-0.6307783;1.172061;0.4499513;2.036231;0.4178511;2.035899;
637945311923780560;397.3374;8;1;4;0.1;1.4;1598;2.50312891113892;0.6893654;1.621554;0.6565186;1.636278;-0.6062176;1.15;-0.6307783;1.172061;
637945311940511386;399.0085;8;1;4;0.1;1.4;1671;2.39377618192699;-0.6893655;1.621553;-0.6437615;1.637595;0.6893654;1.621554;0.6565186;1.636278;
637945311957779609;400.7371;8;1;4;0.1;1.4;1729;2.31347599768652;0.6062179;1.15;0.5912845;1.128521;-0.6893655;1.621553;-0.6437615;1.637595;
637945311977769505;402.736;8;1;4;0.1;1.4;1999;2.00100050025012;-0.4499517;2.036231;-0.4265485;1.997208;0.6062179;1.15;0.5912845;1.128521;
637945311994857676;404.4449;8;1;4;0.1;1.4;1709;2.34055002925688;0.2394144;0.8422153;0.2289228;0.8741376;-0.4499517;2.036231;-0.4265485;1.997208;
637945312046167294;409.5758;8;1;3;0.2;1.4;3920;0.76530612244898;-0.2394138;0.8422151;-0.2317546;0.8710649;0;2.2;-0.01505218;2.106434;
637945312062049940;411.1642;8;1;3;0.2;1.4;1588;1.88916876574307;0.4499513;2.036231;0.4366323;2.019081;-0.2394138;0.8422151;-0.2317546;0.8710649;
637945312089885422;413.9477;8;1;3;0.2;1.4;2783;1.07797340998922;-0.6062176;1.15;-0.5459297;1.193348;0.4499513;2.036231;0.4366323;2.019081;
637945312107033428;415.6619;8;1;3;0.2;1.4;1714;1.75029171528588;0.6893654;1.621554;0.649034;1.591846;-0.6062176;1.15;-0.5459297;1.193348;
637945312121910054;417.1499;8;1;3;0.2;1.4;1488;2.01612903225806;-0.6893655;1.621553;-0.6805397;1.649335;0.6893654;1.621554;0.649034;1.591846;
637945312135012341;418.4598;8;1;3;0.2;1.4;1310;2.29007633587786;0.6062179;1.15;0.5524787;1.197414;-0.6893655;1.621553;-0.6805397;1.649335;
637945312149014953;419.8602;8;1;3;0.2;1.4;1400;2.14285714285714;-0.4499517;2.036231;-0.4456151;1.976199;0.6062179;1.15;0.5524787;1.197414;
637945312165568393;421.5148;8;1;3;0.2;1.4;1655;1.81268882175227;0.2394144;0.8422153;0.2020555;0.8766991;-0.4499517;2.036231;-0.4456151;1.976199;
637945312186985402;423.6576;8;1;1.5;1.1;2;977;1.5353121801433;-0.3420197;0.5603072;-0.1738138;0.9042358;0;2.5;-0.01716564;2.129803;
637945312198997503;424.8586;8;1;1.5;1.1;2;1201;1.24895920066611;0.6427875;2.266045;0.4299318;2.066233;-0.3420197;0.5603072;-0.1738138;0.9042358;
637945312220971345;427.0561;8;1;1.5;1.1;2;2197;0.682749203459263;-0.8660251;0.9999995;-0.5553948;1.214266;0.6427875;2.266045;0.4299318;2.066233;
637945312244966327;429.4555;8;1;1.5;1.1;2;2399;0.625260525218841;0.9848077;1.673648;0.655861;1.679241;-0.8660251;0.9999995;-0.5553948;1.214266;
637945312257074703;430.6667;8;1;1.5;1.1;2;1210;1.2396694214876;-0.9848078;1.673648;-0.926266;1.618549;0.9848077;1.673648;0.655861;1.679241;
637945312270171993;431.9763;8;1;1.5;1.1;2;1310;1.14503816793893;0.8660256;1;0.7563428;1.170406;-0.9848078;1.673648;-0.926266;1.618549;
637945312282084070;433.1648;8;1;1.5;1.1;2;1189;1.26156433978133;-0.6427882;2.266044;-0.5306017;2.064386;0.8660256;1;0.7563428;1.170406;
637945312292048225;434.1641;8;1;1.5;1.1;2;999;1.5015015015015;0.3420205;0.5603075;0.2335582;0.971361;-0.6427882;2.266044;-0.5306017;2.064386;
637945312318208936;436.7758;8;1;3.5;0.2;2;1302;2.68817204301075;-0.3420197;0.5603072;-0.3552217;0.5795531;0;2.5;-0.02015957;2.447864;
637945312334058427;438.3646;8;1;3.5;0.2;2;1589;2.20264317180617;0.6427875;2.266045;0.6282251;2.230657;-0.3420197;0.5603072;-0.3552217;0.5795531;
637945312347229651;439.6819;8;1;3.5;0.2;2;1317;2.65755504935459;-0.8660251;0.9999995;-0.7980029;1.026109;0.6427875;2.266045;0.6282251;2.230657;
637945312363027414;441.2614;8;1;3.5;0.2;2;1579;2.21659278024066;0.9848077;1.673648;0.984617;1.649008;-0.8660251;0.9999995;-0.7980029;1.026109;
637945312376999856;442.6589;8;1;3.5;0.2;2;1398;2.5035765379113;-0.9848078;1.673648;-0.8990608;1.668649;0.9848077;1.673648;0.984617;1.649008;
637945312388979304;443.857;8;1;3.5;0.2;2;1198;2.92153589315526;0.8660256;1;0.7889802;1.027812;-0.9848078;1.673648;-0.8990608;1.668649;
637945312404572749;445.4275;8;1;3.5;0.2;2;1571;2.22788033099936;-0.6427882;2.266044;-0.6001136;2.176484;0.8660256;1;0.7889802;1.027812;
637945312418120123;446.7712;8;1;3.5;0.2;2;1344;2.60416666666667;0.3420205;0.5603075;0.269087;0.5818313;-0.6427882;2.266044;-0.6001136;2.176484;
637945312459088363;450.8679;8;1;4.5;0.1;2.2;2288;1.96678321678322;-0.3762217;0.4663379;-0.3719326;0.5002693;0;2.6;0.03902246;2.574559;
637945312478210202;452.7792;8;1;4.5;0.1;2.2;1911;2.35478806907378;0.7070663;2.342649;0.7055701;2.326448;-0.3762217;0.4663379;-0.3719326;0.5002693;
637945312506084472;455.5657;8;1;4.5;0.1;2.2;2784;1.61637931034483;-0.9526277;0.9499994;-0.9384701;0.9599492;0.7070663;2.342649;0.7055701;2.326448;
637945312523158396;457.2747;8;1;4.5;0.1;2.2;1709;2.63311878291398;1.083289;1.691013;1.06522;1.698173;-0.9526277;0.9499994;-0.9384701;0.9599492;
637945312538146194;458.7738;8;1;4.5;0.1;2.2;1499;3.00200133422282;-1.083289;1.691012;-1.055601;1.686765;1.083289;1.691013;1.06522;1.698173;
637945312565140910;461.4732;8;1;4.5;0.1;2.2;2699;1.66728417932568;0.9526281;0.9500003;0.9394326;0.9403124;-1.083289;1.691012;-1.055601;1.686765;
637945312581358747;463.0922;8;1;4.5;0.1;2.2;1619;2.77949351451513;-0.7070671;2.342648;-0.6661406;2.325703;0.9526281;0.9500003;0.9394326;0.9403124;
637945312611109554;466.0704;8;1;4.5;0.1;2.2;2978;1.51108126259234;0.3762226;0.4663382;0.3409894;0.4732667;-0.7070671;2.342648;-0.6661406;2.325703;
637945313497454808;554.6942;8;2;3.5;0.2;2;1201;2.91423813488759;-0.3420197;0.5603072;-0.3224857;0.6106378;0;2.5;-0.007755545;2.452389;
637945313510487324;556.0056;8;2;3.5;0.2;2;1311;2.6697177726926;0.6427875;2.266045;0.6438739;2.226859;-0.3420197;0.5603072;-0.3224857;0.6106378;
637945313525403558;557.4985;8;2;3.5;0.2;2;1493;2.34427327528466;-0.8660251;0.9999995;-0.8717611;1.016216;0.6427875;2.266045;0.6438739;2.226859;
637945313538443543;558.8036;8;2;3.5;0.2;2;1305;2.68199233716475;0.9848077;1.673648;0.9822837;1.727621;-0.8660251;0.9999995;-0.8717611;1.016216;
637945313554544554;560.4135;8;2;3.5;0.2;2;1610;2.17391304347826;-0.9848078;1.673648;-0.9454432;1.640713;0.9848077;1.673648;0.9822837;1.727621;
637945313569345749;561.8937;8;2;3.5;0.2;2;1480;2.36486486486486;0.8660256;1;0.8326529;1.045223;-0.9848078;1.673648;-0.9454432;1.640713;
637945313582524477;563.2117;8;2;3.5;0.2;2;1318;2.65553869499241;-0.6427882;2.266044;-0.6129141;2.277443;0.8660256;1;0.8326529;1.045223;
637945313592561230;564.2142;8;2;3.5;0.2;2;1003;3.48953140578265;0.3420205;0.5603075;0.2834904;0.6205403;-0.6427882;2.266044;-0.6129141;2.277443;
637945313623506801;567.3096;8;2;4.5;0.1;2.2;1539;2.92397660818713;-0.3762217;0.4663379;-0.3734128;0.507741;0;2.6;0.04481781;2.618845;
637945313639869660;568.9567;8;2;4.5;0.1;2.2;1647;2.73224043715847;0.7070663;2.342649;0.6828386;2.302461;-0.3762217;0.4663379;-0.3734128;0.507741;
637945313653492241;570.3083;8;2;4.5;0.1;2.2;1352;3.32840236686391;-0.9526277;0.9499994;-0.9032544;0.9436845;0.7070663;2.342649;0.6828386;2.302461;
637945313686518739;573.6095;8;2;4.5;0.1;2.2;3301;1.36322326567707;1.083289;1.691013;1.04623;1.694663;-0.9526277;0.9499994;-0.9032544;0.9436845;
637945313701698897;575.1276;8;2;4.5;0.1;2.2;1518;2.96442687747036;-1.083289;1.691012;-1.124469;1.685163;1.083289;1.691013;1.04623;1.694663;
637945313720458685;577.0032;8;2;4.5;0.1;2.2;1876;2.39872068230277;0.9526281;0.9500003;0.9764461;0.9909878;-1.083289;1.691012;-1.124469;1.685163;
637945313771442788;582.1037;8;2;4.5;0.1;2.2;5100;0.882352941176471;-0.7070671;2.342648;-0.6989191;2.367121;0.9526281;0.9500003;0.9764461;0.9909878;
637945313792531474;584.2122;8;2;4.5;0.1;2.2;2108;2.13472485768501;0.3762226;0.4663382;0.3990678;0.4950354;-0.7070671;2.342648;-0.6989191;2.367121;
637945313834453997;588.4023;8;2;4;0.1;1.4;1768;2.26244343891403;-0.2394138;0.8422151;-0.2285418;0.887699;0;2.2;0.002501925;2.171432;
637945313851989384;590.1689;8;2;4;0.1;1.4;1767;2.26372382569327;0.4499513;2.036231;0.4619275;2.070029;-0.2394138;0.8422151;-0.2285418;0.887699;
637945313872631294;592.2217;8;2;4;0.1;1.4;2053;1.94836824159766;-0.6062176;1.15;-0.5876675;1.153865;0.4499513;2.036231;0.4619275;2.070029;
637945313886598734;593.6187;8;2;4;0.1;1.4;1397;2.86327845382964;0.6893654;1.621554;0.6801245;1.603576;-0.6062176;1.15;-0.5876675;1.153865;
637945313900839536;595.054;8;2;4;0.1;1.4;1435;2.78745644599303;-0.6893655;1.621553;-0.7299679;1.636989;0.6893654;1.621554;0.6801245;1.603576;
637945313927644400;597.7232;8;2;4;0.1;1.4;2669;1.4986886474335;0.6062179;1.15;0.613349;1.153104;-0.6893655;1.621553;-0.7299679;1.636989;
637945313940573595;599.0165;8;2;4;0.1;1.4;1293;3.09358081979892;-0.4499517;2.036231;-0.4310971;1.992859;0.6062179;1.15;0.613349;1.153104;
637945313954088665;600.3792;8;2;4;0.1;1.4;1363;2.93470286133529;0.2394144;0.8422153;0.2257846;0.889861;-0.4499517;2.036231;-0.4310971;1.992859;
637945313975670789;602.5253;8;2;1.5;1.1;2;1110;1.35135135135135;-0.3420197;0.5603072;-0.3010887;0.9187907;0;2.5;-0.01929027;2.312325;
637945313994589102;604.4174;8;2;1.5;1.1;2;1892;0.792811839323467;0.6427875;2.266045;0.4242842;1.980893;-0.3420197;0.5603072;-0.3010887;0.9187907;
637945314006051395;605.5638;8;2;1.5;1.1;2;1146;1.30890052356021;-0.8660251;0.9999995;-0.9061056;1.202627;0.6427875;2.266045;0.4242842;1.980893;
637945314018733389;606.8287;8;2;1.5;1.1;2;1265;1.18577075098814;0.9848077;1.673648;0.7685155;1.676641;-0.8660251;0.9999995;-0.9061056;1.202627;
637945314031131248;608.0692;8;2;1.5;1.1;2;1241;1.20870265914585;-0.9848078;1.673648;-0.8799554;1.648627;0.9848077;1.673648;0.7685155;1.676641;
637945314042753389;609.2341;8;2;1.5;1.1;2;1165;1.28755364806867;0.8660256;1;0.8916084;1.112303;-0.9848078;1.673648;-0.8799554;1.648627;
637945314053639586;610.3221;8;2;1.5;1.1;2;1088;1.37867647058824;-0.6427882;2.266044;-0.6258121;2.033982;0.8660256;1;0.8916084;1.112303;
637945314076533589;612.611;8;2;1.5;1.1;2;2289;0.655307994757536;0.3420205;0.5603075;0.2197981;1.02646;-0.6427882;2.266044;-0.6258121;2.033982;
637945314100724080;615.0313;8;2;2.5;0.3;1.4;1220;2.04918032786885;-0.2394138;0.8422151;-0.2533742;0.9178563;0;2.2;-0.01440018;2.150311;
637945314112715125;616.2302;8;2;2.5;0.3;1.4;1199;2.08507089241034;0.4499513;2.036231;0.4269746;2.071046;-0.2394138;0.8422151;-0.2533742;0.9178563;
637945314136693534;618.628;8;2;2.5;0.3;1.4;2398;1.04253544620517;-0.6062176;1.15;-0.6721212;1.181956;0.4499513;2.036231;0.4269746;2.071046;
637945314150695984;620.0283;8;2;2.5;0.3;1.4;1400;1.78571428571429;0.6893654;1.621554;0.6809077;1.651701;-0.6062176;1.15;-0.6721212;1.181956;
637945314164569869;621.4164;8;2;2.5;0.3;1.4;1388;1.80115273775216;-0.6893655;1.621553;-0.614377;1.600375;0.6893654;1.621554;0.6809077;1.651701;
637945314176679871;622.6266;8;2;2.5;0.3;1.4;1210;2.06611570247934;0.6062179;1.15;0.5454572;1.157319;-0.6893655;1.621553;-0.614377;1.600375;
637945314189612129;623.9188;8;2;2.5;0.3;1.4;1292;1.93498452012384;-0.4499517;2.036231;-0.4061163;2.015381;0.6062179;1.15;0.5454572;1.157319;
637945314225654602;627.5237;8;2;2.5;0.3;1.4;3605;0.693481276005548;0.2394144;0.8422153;0.208822;0.9171731;-0.4499517;2.036231;-0.4061163;2.015381;
637945314255637956;630.5227;8;2;2;0.6;1.8;1375;1.45454545454545;-0.3078177;0.6542765;-0.1842392;0.8411393;0;2.4;0.02389299;2.303568;
637945314270725591;632.0314;8;2;2;0.6;1.8;1509;1.32538104705103;0.5785087;2.18944;0.4881606;2.215346;-0.3078177;0.6542765;-0.1842392;0.8411393;
637945314284963222;633.4547;8;2;2;0.6;1.8;1423;1.40548137737175;-0.7794226;1.05;-0.6237121;1.126214;0.5785087;2.18944;0.4881606;2.215346;
637945314298740972;634.8331;8;2;2;0.6;1.8;1370;1.45985401459854;0.8863269;1.656283;0.9928226;1.779744;-0.7794226;1.05;-0.6237121;1.126214;
637945314312728658;636.2319;8;2;2;0.6;1.8;1399;1.42959256611866;-0.8863271;1.656283;-0.76625;1.609772;0.8863269;1.656283;0.9928226;1.779744;
637945314325699617;637.5286;8;2;2;0.6;1.8;1297;1.5420200462606;0.779423;1.05;0.685464;1.068727;-0.8863271;1.656283;-0.76625;1.609772;
637945314351849197;640.14;8;2;2;0.6;1.8;2611;0.765990042129452;-0.5785094;2.18944;-0.5017537;2.085986;0.779423;1.05;0.685464;1.068727;
637945314378806137;642.8397;8;2;2;0.6;1.8;2700;0.740740740740741;0.3078185;0.6542768;0.2417688;0.8440731;-0.5785094;2.18944;-0.5017537;2.085986;
637945314426891510;647.6482;8;2;3;0.2;1.4;1989;1.50829562594268;-0.2394138;0.8422151;-0.1977942;0.9129184;0;2.2;-0.001513222;2.168763;
637945314441879131;649.147;8;2;3;0.2;1.4;1499;2.00133422281521;0.4499513;2.036231;0.3916879;1.963359;-0.2394138;0.8422151;-0.1977942;0.9129184;
637945314458777314;650.837;8;2;3;0.2;1.4;1690;1.77514792899408;-0.6062176;1.15;-0.5926299;1.146453;0.4499513;2.036231;0.3916879;1.963359;
637945314486972458;653.6561;8;2;3;0.2;1.4;2819;1.06420716566158;0.6893654;1.621554;0.6458514;1.652139;-0.6062176;1.15;-0.5926299;1.146453;
637945314502970485;655.2558;8;2;3;0.2;1.4;1600;1.875;-0.6893655;1.621553;-0.6385398;1.648044;0.6893654;1.621554;0.6458514;1.652139;
637945314533878410;658.3444;8;2;3;0.2;1.4;3089;0.971188086759469;0.6062179;1.15;0.5617748;1.128462;-0.6893655;1.621553;-0.6385398;1.648044;
637945314548851031;659.8441;8;2;3;0.2;1.4;1500;2;-0.4499517;2.036231;-0.4212938;1.983505;0.6062179;1.15;0.5617748;1.128462;
637945314563939751;661.3527;8;2;3;0.2;1.4;1508;1.9893899204244;0.2394144;0.8422153;0.2190186;0.9285872;-0.4499517;2.036231;-0.4212938;1.983505;
637945315536237012;758.5823;8;3;2;0.6;1.8;1289;1.55159038013964;-0.3078177;0.6542765;-0.345347;0.7508339;0;2.4;-0.04708823;2.357824;
637945315550254469;759.9831;8;3;2;0.6;1.8;1401;1.42755174875089;0.5785087;2.18944;0.5550895;2.243385;-0.3078177;0.6542765;-0.345347;0.7508339;
637945315563292058;761.2881;8;3;2;0.6;1.8;1305;1.53256704980843;-0.7794226;1.05;-0.709622;1.138349;0.5785087;2.18944;0.5550895;2.243385;
637945315578368479;762.7949;8;3;2;0.6;1.8;1507;1.3271400132714;0.8863269;1.656283;0.8064058;1.684211;-0.7794226;1.05;-0.709622;1.138349;
637945315591320738;764.0908;8;3;2;0.6;1.8;1296;1.54320987654321;-0.8863271;1.656283;-0.7673995;1.596354;0.8863269;1.656283;0.8064058;1.684211;
637945315604438032;765.4031;8;3;2;0.6;1.8;1312;1.52439024390244;0.779423;1.05;0.6684251;1.045829;-0.8863271;1.656283;-0.7673995;1.596354;
637945315629294981;767.8886;8;3;2;0.6;1.8;2486;0.80450522928399;-0.5785094;2.18944;-0.5124216;2.082164;0.779423;1.05;0.6684251;1.045829;
637945315641308751;769.0897;8;3;2;0.6;1.8;1201;1.66527893422148;0.3078185;0.6542768;0.2778246;0.6911334;-0.5785094;2.18944;-0.5124216;2.082164;
637945315674405374;772.3987;8;3;3;0.2;1.4;1512;1.98412698412698;-0.2394138;0.8422151;-0.2208184;0.8449966;0;2.2;-0.007001818;2.137508;
637945315689269139;773.886;8;3;3;0.2;1.4;1479;2.02839756592292;0.4499513;2.036231;0.4257935;1.98127;-0.2394138;0.8422151;-0.2208184;0.8449966;
637945315704371781;775.3958;8;3;3;0.2;1.4;1510;1.98675496688742;-0.6062176;1.15;-0.5746477;1.177232;0.4499513;2.036231;0.4257935;1.98127;
637945315719518614;776.9093;8;3;3;0.2;1.4;1514;1.98150594451783;0.6893654;1.621554;0.7543721;1.655797;-0.6062176;1.15;-0.5746477;1.177232;
637945315735511606;778.5087;8;3;3;0.2;1.4;1599;1.87617260787993;-0.6893655;1.621553;-0.6472919;1.602995;0.6893654;1.621554;0.7543721;1.655797;
637945315752334540;780.1927;8;3;3;0.2;1.4;1684;1.78147268408551;0.6062179;1.15;0.5664836;1.188184;-0.6893655;1.621553;-0.6472919;1.602995;
637945315769345235;781.8923;8;3;3;0.2;1.4;1700;1.76470588235294;-0.4499517;2.036231;-0.4070016;2.023742;0.6062179;1.15;0.5664836;1.188184;
637945315798451887;784.8042;8;3;3;0.2;1.4;2912;1.03021978021978;0.2394144;0.8422153;0.2192614;0.8830575;-0.4499517;2.036231;-0.4070016;2.023742;
637945315826436192;787.603;8;3;2.5;0.3;1.4;1199;2.08507089241034;-0.2394138;0.8422151;-0.2577221;0.9251146;0;2.2;0.02764208;2.181683;
637945315852323788;790.1915;8;3;2.5;0.3;1.4;2589;0.965623792970259;0.4499513;2.036231;0.4555122;2.025837;-0.2394138;0.8422151;-0.2577221;0.9251146;
637945315866349643;791.5939;8;3;2.5;0.3;1.4;1402;1.78316690442225;-0.6062176;1.15;-0.5527403;1.195124;0.4499513;2.036231;0.4555122;2.025837;
637945315882410129;793.2001;8;3;2.5;0.3;1.4;1596;1.56641604010025;0.6893654;1.621554;0.6688874;1.644749;-0.6062176;1.15;-0.5527403;1.195124;
637945315911385287;796.0974;8;3;2.5;0.3;1.4;2897;0.862961684501208;-0.6893655;1.621553;-0.6559379;1.616433;0.6893654;1.621554;0.6688874;1.644749;
637945315927373081;797.6963;8;3;2.5;0.3;1.4;1599;1.56347717323327;0.6062179;1.15;0.5393534;1.191377;-0.6893655;1.621553;-0.6559379;1.616433;
637945315943376354;799.2968;8;3;2.5;0.3;1.4;1601;1.56152404747033;-0.4499517;2.036231;-0.3901882;1.986722;0.6062179;1.15;0.5393534;1.191377;
637945315984726144;803.4311;8;3;2.5;0.3;1.4;4134;0.604741170778907;0.2394144;0.8422153;0.1989887;0.9247686;-0.4499517;2.036231;-0.3901882;1.986722;
637945316020549631;807.0142;8;3;3.5;0.2;2;1599;2.18886804252658;-0.3420197;0.5603072;-0.3560968;0.656835;0;2.5;0.00122639;2.422931;
637945316037497596;808.7084;8;3;3.5;0.2;2;1694;2.06611570247934;0.6427875;2.266045;0.5590758;2.231603;-0.3420197;0.5603072;-0.3560968;0.656835;
637945316067542846;811.713;8;3;3.5;0.2;2;3005;1.16472545757072;-0.8660251;0.9999995;-0.8626678;1.002833;0.6427875;2.266045;0.5590758;2.231603;
637945316087515905;813.7107;8;3;3.5;0.2;2;1998;1.75175175175175;0.9848077;1.673648;0.9322155;1.6792;-0.8660251;0.9999995;-0.8626678;1.002833;
637945316116469605;816.6061;8;3;3.5;0.2;2;2895;1.20898100172712;-0.9848078;1.673648;-0.9544001;1.687586;0.9848077;1.673648;0.9322155;1.6792;
637945316137529114;818.7107;8;3;3.5;0.2;2;2105;1.66270783847981;0.8660256;1;0.802929;1.046025;-0.9848078;1.673648;-0.9544001;1.687586;
637945316155513848;820.5091;8;3;3.5;0.2;2;1798;1.94660734149054;-0.6427882;2.266044;-0.6335903;2.220165;0.8660256;1;0.802929;1.046025;
637945316171703974;822.1287;8;3;3.5;0.2;2;1620;2.16049382716049;0.3420205;0.5603075;0.2797903;0.6385084;-0.6427882;2.266044;-0.6335903;2.220165;
637945316259649231;830.924;8;3;4.5;0.1;2.2;1950;2.30769230769231;-0.3762217;0.4663379;-0.3839212;0.5072547;0;2.6;-0.003131735;2.583133;
637945316292767034;834.2358;8;3;4.5;0.1;2.2;3312;1.35869565217391;0.7070663;2.342649;0.6834289;2.325327;-0.3762217;0.4663379;-0.3839212;0.5072547;
637945316312755527;836.2344;8;3;4.5;0.1;2.2;1999;2.25112556278139;-0.9526277;0.9499994;-0.9490305;0.9815225;0.7070663;2.342649;0.6834289;2.325327;
637945316345738783;839.5327;8;3;4.5;0.1;2.2;3298;1.36446331109763;1.083289;1.691013;1.04723;1.67435;-0.9526277;0.9499994;-0.9490305;0.9815225;
637945316376722578;842.6296;8;3;4.5;0.1;2.2;3097;1.45301905069422;-1.083289;1.691012;-1.091968;1.688349;1.083289;1.691013;1.04723;1.67435;
637945316405840893;845.5427;8;3;4.5;0.1;2.2;2911;1.54586052902783;0.9526281;0.9500003;0.9063056;0.9601664;-1.083289;1.691012;-1.091968;1.688349;
637945316429655060;847.9243;8;3;4.5;0.1;2.2;2382;1.88916876574307;-0.7070671;2.342648;-0.6782013;2.306692;0.9526281;0.9500003;0.9063056;0.9601664;
637945316448670986;849.8262;8;3;4.5;0.1;2.2;1902;2.36593059936909;0.3762226;0.4663382;0.349209;0.5012801;-0.7070671;2.342648;-0.6782013;2.306692;
637945316512941350;856.2518;8;3;4;0.1;1.4;1505;2.6578073089701;-0.2394138;0.8422151;-0.2422769;0.8849517;0;2.2;-0.005350224;2.21368;
637945316533855675;858.3445;8;3;4;0.1;1.4;2089;1.9147917663954;0.4499513;2.036231;0.4489802;2.019962;-0.2394138;0.8422151;-0.2422769;0.8849517;
637945316551748734;860.1336;8;3;4;0.1;1.4;1779;2.24845418774592;-0.6062176;1.15;-0.5721626;1.180802;0.4499513;2.036231;0.4489802;2.019962;
637945316583193717;863.2895;8;3;4;0.1;1.4;3156;1.26742712294043;0.6893654;1.621554;0.6451336;1.637313;-0.6062176;1.15;-0.5721626;1.180802;
637945316648906026;869.85;8;3;4;0.1;1.4;6560;0.609756097560976;-0.6893655;1.621553;-0.6707556;1.663586;0.6893654;1.621554;0.6451336;1.637313;
637945316677790190;872.7379;8;3;4;0.1;1.4;2888;1.38504155124654;0.6062179;1.15;0.5648031;1.160073;-0.6893655;1.621553;-0.6707556;1.663586;
637945316702928474;875.2509;8;3;4;0.1;1.4;2513;1.59172304019101;-0.4499517;2.036231;-0.4335179;2.026937;0.6062179;1.15;0.5648031;1.160073;
637945316719983633;876.9575;8;3;4;0.1;1.4;1706;2.34466588511137;0.2394144;0.8422153;0.2328459;0.8711812;-0.4499517;2.036231;-0.4335179;2.026937;
637945316745858154;879.545;8;3;1.5;1.1;2;1199;1.25104253544621;-0.3420197;0.5603072;-0.2667248;0.8192024;0;2.5;-0.05482538;2.172106;
637945316773926551;882.3436;8;3;1.5;1.1;2;2799;0.535905680600214;0.6427875;2.266045;0.4062533;2.042703;-0.3420197;0.5603072;-0.2667248;0.8192024;
637945316790974685;884.0561;8;3;1.5;1.1;2;1712;0.876168224299065;-0.8660251;0.9999995;-0.8029502;1.06973;0.6427875;2.266045;0.4062533;2.042703;
637945316806887468;885.6459;8;3;1.5;1.1;2;1590;0.943396226415094;0.9848077;1.673648;0.7967811;1.667206;-0.8660251;0.9999995;-0.8029502;1.06973;
637945316819939750;886.9528;8;3;1.5;1.1;2;1307;1.14766641162969;-0.9848078;1.673648;-0.9480654;1.512551;0.9848077;1.673648;0.7967811;1.667206;
637945316893894180;894.3488;8;3;1.5;1.1;2;7396;0.202812330989724;0.8660256;1;0.6044306;1.167291;-0.9848078;1.673648;-0.9480654;1.512551;
637945316913997693;896.3586;8;3;1.5;1.1;2;2010;0.746268656716418;-0.6427882;2.266044;-0.5492911;2.144409;0.8660256;1;0.6044306;1.167291;
637945316932890991;898.2483;8;3;1.5;1.1;2;1890;0.793650793650794;0.3420205;0.5603075;0.2517452;0.9002752;-0.6427882;2.266044;-0.5492911;2.144409;
637945318531447883;1058.103;8;4;3.5;0.2;2;1800;1.94444444444444;-0.3420197;0.5603072;-0.3566188;0.5870984;0;2.5;0.008061744;2.446566;
637945318550461262;1060.003;8;4;3.5;0.2;2;1881;1.86071238702818;0.6427875;2.266045;0.6371289;2.220807;-0.3420197;0.5603072;-0.3566188;0.5870984;
637945318563523786;1061.312;8;4;3.5;0.2;2;1308;2.67584097859327;-0.8660251;0.9999995;-0.8088216;1.049688;0.6427875;2.266045;0.6371289;2.220807;
637945318581517681;1063.11;8;4;3.5;0.2;2;1799;1.94552529182879;0.9848077;1.673648;0.9416699;1.640275;-0.8660251;0.9999995;-0.8088216;1.049688;
637945318596415284;1064.6;8;4;3.5;0.2;2;1490;2.3489932885906;-0.9848078;1.673648;-0.9796434;1.675372;0.9848077;1.673648;0.9416699;1.640275;
637945318614613467;1066.42;8;4;3.5;0.2;2;1820;1.92307692307692;0.8660256;1;0.8616759;1.050027;-0.9848078;1.673648;-0.9796434;1.675372;
637945318634612653;1068.42;8;4;3.5;0.2;2;2000;1.75;-0.6427882;2.266044;-0.6063474;2.191806;0.8660256;1;0.8616759;1.050027;
637945318649878396;1069.944;8;4;3.5;0.2;2;1524;2.29658792650919;0.3420205;0.5603075;0.2819715;0.5872737;-0.6427882;2.266044;-0.6063474;2.191806;
637945318684536923;1073.41;8;4;4.5;0.1;2.2;1803;2.49584026622296;-0.3762217;0.4663379;-0.3848876;0.4810289;0;2.6;0.01644992;2.566312;
637945318703975318;1075.368;8;4;4.5;0.1;2.2;1958;2.29826353421859;0.7070663;2.342649;0.7240059;2.296101;-0.3762217;0.4663379;-0.3848876;0.4810289;
637945318731543230;1078.113;8;4;4.5;0.1;2.2;2746;1.63874726875455;-0.9526277;0.9499994;-0.9214442;0.9410007;0.7070663;2.342649;0.7240059;2.296101;
637945318792758451;1084.235;8;4;4.5;0.1;2.2;6121;0.735173991177912;1.083289;1.691013;1.052533;1.668291;-0.9526277;0.9499994;-0.9214442;0.9410007;
637945318828647567;1087.823;8;4;4.5;0.1;2.2;3589;1.25383115073837;-1.083289;1.691012;-1.052533;1.664382;1.083289;1.691013;1.052533;1.668291;
637945318849491211;1089.909;8;4;4.5;0.1;2.2;2085;2.15827338129496;0.9526281;0.9500003;0.9160131;0.9672083;-1.083289;1.691012;-1.052533;1.664382;
637945318884590338;1093.418;8;4;4.5;0.1;2.2;3509;1.28241664291821;-0.7070671;2.342648;-0.7040536;2.296969;0.9526281;0.9500003;0.9160131;0.9672083;
637945318905689535;1095.528;8;4;4.5;0.1;2.2;2110;2.13270142180095;0.3762226;0.4663382;0.3393216;0.4890157;-0.7070671;2.342648;-0.7040536;2.296969;
637945318945821550;1099.539;8;4;4;0.1;1.4;1813;2.20628792057364;-0.2394138;0.8422151;-0.2482271;0.8232969;0;2.2;-1.301312E-06;2.203313;
637945318963539651;1101.313;8;4;4;0.1;1.4;1774;2.25479143179256;0.4499513;2.036231;0.4352675;2.003772;-0.2394138;0.8422151;-0.2482271;0.8232969;
637945319018636041;1106.822;8;4;4;0.1;1.4;5490;0.728597449908925;-0.6062176;1.15;-0.5902088;1.148404;0.4499513;2.036231;0.4352675;2.003772;
637945319035533999;1108.513;8;4;4;0.1;1.4;1690;2.36686390532544;0.6893654;1.621554;0.658976;1.633405;-0.6062176;1.15;-0.5902088;1.148404;
637945319077595429;1112.719;8;4;4;0.1;1.4;4206;0.951022349025202;-0.6893655;1.621553;-0.6779104;1.616974;0.6893654;1.621554;0.658976;1.633405;
637945319103597360;1115.318;8;4;4;0.1;1.4;2600;1.53846153846154;0.6062179;1.15;0.5583853;1.158246;-0.6893655;1.621553;-0.6779104;1.616974;
637945319122018484;1117.171;8;4;4;0.1;1.4;1853;2.15866162978953;-0.4499517;2.036231;-0.4431442;2.004614;0.6062179;1.15;0.5583853;1.158246;
637945319138684956;1118.827;8;4;4;0.1;1.4;1656;2.41545893719807;0.2394144;0.8422153;0.1992405;0.8486817;-0.4499517;2.036231;-0.4431442;2.004614;
637945319166569762;1121.616;8;4;2.5;0.3;1.4;1362;1.83553597650514;-0.2394138;0.8422151;-0.2172883;0.8847717;0;2.2;-0.06468793;2.150229;
637945319193664554;1124.325;8;4;2.5;0.3;1.4;2706;0.923872875092387;0.4499513;2.036231;0.4462629;1.985734;-0.2394138;0.8422151;-0.2172883;0.8847717;
637945319209777375;1125.937;8;4;2.5;0.3;1.4;1612;1.55086848635236;-0.6062176;1.15;-0.6017703;1.036926;0.4499513;2.036231;0.4462629;1.985734;
637945319235781911;1128.536;8;4;2.5;0.3;1.4;2599;0.961908426317814;0.6893654;1.621554;0.5815636;1.622662;-0.6062176;1.15;-0.6017703;1.036926;
637945319250649517;1130.024;8;4;2.5;0.3;1.4;1488;1.68010752688172;-0.6893655;1.621553;-0.6096777;1.589938;0.6893654;1.621554;0.5815636;1.622662;
637945319266617316;1131.621;8;4;2.5;0.3;1.4;1597;1.56543519098309;0.6062179;1.15;0.5688521;1.219925;-0.6893655;1.621553;-0.6096777;1.589938;
637945319283615500;1133.32;8;4;2.5;0.3;1.4;1700;1.47058823529412;-0.4499517;2.036231;-0.4539984;1.956946;0.6062179;1.15;0.5688521;1.219925;
637945319297688131;1134.727;8;4;2.5;0.3;1.4;1370;1.82481751824818;0.2394144;0.8422153;0.1942563;0.8693461;-0.4499517;2.036231;-0.4539984;1.956946;
637945319326818436;1137.641;8;4;3;0.2;1.4;1420;2.11267605633803;-0.2394138;0.8422151;-0.2657763;0.8974403;0;2.2;-0.0009843111;2.118838;
637945319344806748;1139.44;8;4;3;0.2;1.4;1799;1.66759310728182;0.4499513;2.036231;0.4244217;2.010639;-0.2394138;0.8422151;-0.2657763;0.8974403;
637945319370796695;1142.039;8;4;3;0.2;1.4;2599;1.15429011158138;-0.6062176;1.15;-0.5640197;1.182095;0.4499513;2.036231;0.4244217;2.010639;
637945319413664223;1146.325;8;4;3;0.2;1.4;4286;0.699953336444237;0.6893654;1.621554;0.6510406;1.561505;-0.6062176;1.15;-0.5640197;1.182095;
637945319430777205;1148.037;8;4;3;0.2;1.4;1712;1.75233644859813;-0.6893655;1.621553;-0.7240719;1.599275;0.6893654;1.621554;0.6510406;1.561505;
637945319448769807;1149.836;8;4;3;0.2;1.4;1772;1.69300225733634;0.6062179;1.15;0.5719581;1.1445;-0.6893655;1.621553;-0.7240719;1.599275;
637945319466862967;1151.645;8;4;3;0.2;1.4;1809;1.65837479270315;-0.4499517;2.036231;-0.4384012;1.979209;0.6062179;1.15;0.5719581;1.1445;
637945319482848624;1153.244;8;4;3;0.2;1.4;1599;1.87617260787993;0.2394144;0.8422153;0.1884491;0.8808303;-0.4499517;2.036231;-0.4384012;1.979209;
637945319513750050;1156.332;8;4;1.5;1.1;2;1599;0.938086303939963;-0.3420197;0.5603072;-0.2022646;0.8506393;0;2.5;-0.03368223;2.204706;
637945319528719073;1157.831;8;4;1.5;1.1;2;1494;1.00401606425703;0.6427875;2.266045;0.4148295;2.108469;-0.3420197;0.5603072;-0.2022646;0.8506393;
637945319543858422;1159.343;8;4;1.5;1.1;2;1512;0.992063492063492;-0.8660251;0.9999995;-0.6136086;1.172057;0.6427875;2.266045;0.4148295;2.108469;
637945319557709275;1160.729;8;4;1.5;1.1;2;1386;1.08225108225108;0.9848077;1.673648;0.7570412;1.646952;-0.8660251;0.9999995;-0.6136086;1.172057;
637945319570805459;1162.04;8;4;1.5;1.1;2;1310;1.14503816793893;-0.9848078;1.673648;-0.6895388;1.635063;0.9848077;1.673648;0.7570412;1.646952;
637945319584882919;1163.439;8;4;1.5;1.1;2;1400;1.07142857142857;0.8660256;1;0.6847327;1.169729;-0.9848078;1.673648;-0.6895388;1.635063;
637945319599933948;1164.951;8;4;1.5;1.1;2;1511;0.992720052945069;-0.6427882;2.266044;-0.4214961;1.971188;0.8660256;1;0.6847327;1.169729;
637945319614786542;1166.438;8;4;1.5;1.1;2;1487;1.00874243443174;0.3420205;0.5603075;0.2117981;0.9754415;-0.6427882;2.266044;-0.4214961;1.971188;
637945319644883817;1169.447;8;4;2;0.6;1.8;1507;1.3271400132714;-0.3078177;0.6542765;-0.2981302;0.8611032;0;2.4;-0.01111213;2.196874;
637945319659875505;1170.946;8;4;2;0.6;1.8;1499;1.33422281521014;0.5785087;2.18944;0.4420085;2.093609;-0.3078177;0.6542765;-0.2981302;0.8611032;
637945319675748282;1172.534;8;4;2;0.6;1.8;1587;1.26023944549464;-0.7794226;1.05;-0.6866176;1.125381;0.5785087;2.18944;0.4420085;2.093609;
637945319701854204;1175.144;8;4;2;0.6;1.8;2581;0.774893452150329;0.8863269;1.656283;0.6888427;1.561765;-0.7794226;1.05;-0.6866176;1.125381;
637945319716745657;1176.634;8;4;2;0.6;1.8;1489;1.34318334452653;-0.8863271;1.656283;-0.7860401;1.613163;0.8863269;1.656283;0.6888427;1.561765;
637945319731878513;1178.145;8;4;2;0.6;1.8;1512;1.32275132275132;0.779423;1.05;0.5955716;0.9934248;-0.8863271;1.656283;-0.7860401;1.613163;
637945319748944122;1179.853;8;4;2;0.6;1.8;1703;1.17439812096301;-0.5785094;2.18944;-0.5171449;2.076439;0.779423;1.05;0.5955716;0.9934248;
637945319779823293;1182.941;8;4;2;0.6;1.8;3088;0.647668393782383;0.3078185;0.6542768;0.1663222;0.8200485;-0.5785094;2.18944;-0.5171449;2.076439;
637945320579216369;1262.875;8;5;4.5;0.1;2.2;4694;0.958670643374521;-0.3762217;0.4663379;-0.3758382;0.4574209;0;2.6;0.02481377;2.580245;
637945320605325934;1265.489;8;5;4.5;0.1;2.2;2613;1.72215843857635;0.7070663;2.342649;0.68634;2.299439;-0.3762217;0.4663379;-0.3758382;0.4574209;
637945320640800612;1269.047;8;5;4.5;0.1;2.2;3558;1.26475548060708;-0.9526277;0.9499994;-0.9223632;0.9137412;0.7070663;2.342649;0.68634;2.299439;
637945320658303671;1270.786;8;5;4.5;0.1;2.2;1740;2.58620689655172;1.083289;1.691013;1.067752;1.693477;-0.9526277;0.9499994;-0.9223632;0.9137412;
637945320680292514;1272.985;8;5;4.5;0.1;2.2;2199;2.04638472032742;-1.083289;1.691012;-1.063867;1.689373;1.083289;1.691013;1.067752;1.693477;
637945320698810754;1274.848;8;5;4.5;0.1;2.2;1863;2.41545893719807;0.9526281;0.9500003;0.903436;0.9588464;-1.083289;1.691012;-1.063867;1.689373;
637945320718674229;1276.835;8;5;4.5;0.1;2.2;1986;2.26586102719033;-0.7070671;2.342648;-0.7189006;2.302644;0.9526281;0.9500003;0.903436;0.9588464;
637945320749364590;1279.892;8;5;4.5;0.1;2.2;3058;1.47155003270111;0.3762226;0.4663382;0.3644047;0.4726802;-0.7070671;2.342648;-0.7189006;2.302644;
637945320820220205;1286.979;8;5;3.5;0.2;2;1996;1.75350701402806;-0.3420197;0.5603072;-0.3266954;0.6369745;0;2.5;-0.01306337;2.466204;
637945320865243577;1291.478;8;5;3.5;0.2;2;4500;0.777777777777778;0.6427875;2.266045;0.6181564;2.237268;-0.3420197;0.5603072;-0.3266954;0.6369745;
637945320895403855;1294.497;8;5;3.5;0.2;2;3019;1.15932427956277;-0.8660251;0.9999995;-0.8201867;1.038323;0.6427875;2.266045;0.6181564;2.237268;
637945320912291805;1296.185;8;5;3.5;0.2;2;1688;2.07345971563981;0.9848077;1.673648;0.993041;1.64865;-0.8660251;0.9999995;-0.8201867;1.038323;
637945320930294955;1297.985;8;5;3.5;0.2;2;1800;1.94444444444444;-0.9848078;1.673648;-0.9333988;1.679426;0.9848077;1.673648;0.993041;1.64865;
637945320948268096;1299.783;8;5;3.5;0.2;2;1797;1.94769059543684;0.8660256;1;0.7954799;1.052538;-0.9848078;1.673648;-0.9333988;1.679426;
637945320980518739;1303.006;8;5;3.5;0.2;2;3223;1.0859447719516;-0.6427882;2.266044;-0.6235933;2.233584;0.8660256;1;0.7954799;1.052538;
637945320999352029;1304.891;8;5;3.5;0.2;2;1886;1.85577942735949;0.3420205;0.5603075;0.3256662;0.6061805;-0.6427882;2.266044;-0.6235933;2.233584;
637945321035342740;1308.491;8;5;3;0.2;1.4;1798;1.66852057842047;-0.2394138;0.8422151;-0.2310186;0.9000072;0;2.2;0.005905291;2.138474;
637945321052450728;1310.201;8;5;3;0.2;1.4;1711;1.75336060783168;0.4499513;2.036231;0.4294869;2.016464;-0.2394138;0.8422151;-0.2310186;0.9000072;
637945321068448716;1311.801;8;5;3;0.2;1.4;1600;1.875;-0.6062176;1.15;-0.5222975;1.162895;0.4499513;2.036231;0.4294869;2.016464;
637945321082441157;1313.2;8;5;3;0.2;1.4;1399;2.14438884917798;0.6893654;1.621554;0.6607906;1.617638;-0.6062176;1.15;-0.5222975;1.162895;
637945321096338589;1314.589;8;5;3;0.2;1.4;1389;2.15982721382289;-0.6893655;1.621553;-0.6661131;1.602526;0.6893654;1.621554;0.6607906;1.617638;
637945321126388839;1317.594;8;5;3;0.2;1.4;3005;0.998336106489185;0.6062179;1.15;0.5633466;1.155756;-0.6893655;1.621553;-0.6661131;1.602526;
637945321141506490;1319.107;8;5;3;0.2;1.4;1513;1.98281559814937;-0.4499517;2.036231;-0.4260822;2.019882;0.6062179;1.15;0.5633466;1.155756;
637945321159499640;1320.906;8;5;3;0.2;1.4;1799;1.66759310728182;0.2394144;0.8422153;0.2297821;0.9090627;-0.4499517;2.036231;-0.4260822;2.019882;
637945321199486625;1324.905;8;5;2;0.6;1.8;2709;0.73827980804725;-0.3078177;0.6542765;-0.2299709;0.8722639;0;2.4;-0.02770927;2.215981;
637945321215479420;1326.504;8;5;2;0.6;1.8;1600;1.25;0.5785087;2.18944;0.4527865;2.09895;-0.3078177;0.6542765;-0.2299709;0.8722639;
637945321243472741;1329.303;8;5;2;0.6;1.8;2799;0.714540907466952;-0.7794226;1.05;-0.7099181;1.081433;0.5785087;2.18944;0.4527865;2.09895;
637945321260595747;1331.014;8;5;2;0.6;1.8;1711;1.16890707188778;0.8863269;1.656283;0.6933582;1.583956;-0.7794226;1.05;-0.7099181;1.081433;
637945321278353835;1332.792;8;5;2;0.6;1.8;1778;1.12485939257593;-0.8863271;1.656283;-0.8071993;1.610832;0.8863269;1.656283;0.6933582;1.583956;
637945321295446816;1334.501;8;5;2;0.6;1.8;1709;1.17027501462844;0.779423;1.05;0.603406;1.068966;-0.8863271;1.656283;-0.8071993;1.610832;
637945321310369439;1335.993;8;5;2;0.6;1.8;1492;1.34048257372654;-0.5785094;2.18944;-0.5810943;2.126183;0.779423;1.05;0.603406;1.068966;
637945321324526902;1337.409;8;5;2;0.6;1.8;1417;1.41143260409315;0.3078185;0.6542768;0.2124549;0.7318441;-0.5785094;2.18944;-0.5810943;2.126183;
637945321354572157;1340.411;8;5;2.5;0.3;1.4;1600;1.5625;-0.2394138;0.8422151;-0.2208682;0.8546364;0;2.2;-0.02065707;2.111668;
637945321386547750;1343.609;8;5;2.5;0.3;1.4;3198;0.781738586616635;0.4499513;2.036231;0.3849322;1.962511;-0.2394138;0.8422151;-0.2208682;0.8546364;
637945321402525540;1345.207;8;5;2.5;0.3;1.4;1598;1.56445556946183;-0.6062176;1.15;-0.5176817;1.151623;0.4499513;2.036231;0.3849322;1.962511;
637945321433590988;1348.315;8;5;2.5;0.3;1.4;3108;0.804375804375804;0.6893654;1.621554;0.61867;1.608924;-0.6062176;1.15;-0.5176817;1.151623;
637945321483589740;1353.315;8;5;2.5;0.3;1.4;5000;0.5;-0.6893655;1.621553;-0.6323443;1.616928;0.6893654;1.621554;0.61867;1.608924;
637945321500657700;1355.022;8;5;2.5;0.3;1.4;1708;1.46370023419204;0.6062179;1.15;0.5268924;1.195753;-0.6893655;1.621553;-0.6323443;1.616928;
637945321515540299;1356.51;8;5;2.5;0.3;1.4;1488;1.68010752688172;-0.4499517;2.036231;-0.4594695;1.958553;0.6062179;1.15;0.5268924;1.195753;
637945321531533095;1358.109;8;5;2.5;0.3;1.4;1599;1.56347717323327;0.2394144;0.8422153;0.1952149;0.9036844;-0.4499517;2.036231;-0.4594695;1.958553;
637945321568849618;1361.841;8;5;4;0.1;1.4;1817;2.20143093010457;-0.2394138;0.8422151;-0.2509313;0.872725;0;2.2;-0.01774169;2.168501;
637945321585762577;1363.53;8;5;4;0.1;1.4;1688;2.3696682464455;0.4499513;2.036231;0.4172389;2.007351;-0.2394138;0.8422151;-0.2509313;0.872725;
637945321603725717;1365.328;8;5;4;0.1;1.4;1799;2.22345747637576;-0.6062176;1.15;-0.5733377;1.172045;0.4499513;2.036231;0.4172389;2.007351;
637945321621723869;1367.127;8;5;4;0.1;1.4;1798;2.22469410456062;0.6893654;1.621554;0.6646053;1.626575;-0.6062176;1.15;-0.5733377;1.172045;
637945321660810697;1371.037;8;5;4;0.1;1.4;3911;1.02275632830478;-0.6893655;1.621553;-0.688386;1.60998;0.6893654;1.621554;0.6646053;1.626575;
637945321682804549;1373.237;8;5;4;0.1;1.4;2200;1.81818181818182;0.6062179;1.15;0.5787436;1.16631;-0.6893655;1.621553;-0.688386;1.60998;
637945321714795140;1376.436;8;5;4;0.1;1.4;3199;1.25039074710847;-0.4499517;2.036231;-0.439627;2.018972;0.6062179;1.15;0.5787436;1.16631;
637945321769900689;1381.945;8;5;4;0.1;1.4;5510;0.725952813067151;0.2394144;0.8422153;0.2249422;0.872443;-0.4499517;2.036231;-0.439627;2.018972;
637945321810732828;1386.029;8;5;1.5;1.1;2;2597;0.577589526376588;-0.3420197;0.5603072;-0.2088793;0.8524256;0;2.5;-0.03690977;2.252536;
637945321855865717;1390.541;8;5;1.5;1.1;2;4512;0.332446808510638;0.6427875;2.266045;0.3648302;1.951064;-0.3420197;0.5603072;-0.2088793;0.8524256;
637945321870713316;1392.027;8;5;1.5;1.1;2;1486;1.00942126514132;-0.8660251;0.9999995;-0.7827635;1.120481;0.6427875;2.266045;0.3648302;1.951064;
637945321886761119;1393.632;8;5;1.5;1.1;2;1605;0.934579439252336;0.9848077;1.673648;0.6735486;1.751561;-0.8660251;0.9999995;-0.7827635;1.120481;
637945321900913598;1395.047;8;5;1.5;1.1;2;1416;1.05932203389831;-0.9848078;1.673648;-0.8333517;1.639745;0.9848077;1.673648;0.6735486;1.751561;
637945321915806206;1396.537;8;5;1.5;1.1;2;1490;1.00671140939597;0.8660256;1;0.6147245;1.103244;-0.9848078;1.673648;-0.8333517;1.639745;
637945321932894183;1398.246;8;5;1.5;1.1;2;1709;0.877706260971328;-0.6427882;2.266044;-0.6578351;1.983616;0.8660256;1;0.6147245;1.103244;
637945321959778894;1400.934;8;5;1.5;1.1;2;2688;0.558035714285714;0.3420205;0.5603075;0.2152672;0.8404698;-0.6427882;2.266044;-0.6578351;1.983616;
637945322737440973;1478.702;8;6;3;0.2;1.4;1625;1.84615384615385;-0.2394138;0.8422151;-0.2190017;0.8641331;0;2.2;0.03555761;2.144777;
637945322769236530;1481.883;8;6;3;0.2;1.4;3173;0.945477466120391;0.4499513;2.036231;0.4204255;2.009832;-0.2394138;0.8422151;-0.2190017;0.8641331;
637945322803217188;1485.281;8;6;3;0.2;1.4;3398;0.882872277810477;-0.6062176;1.15;-0.5692627;1.166557;0.4499513;2.036231;0.4204255;2.009832;
637945322855173433;1490.477;8;6;3;0.2;1.4;5158;0.581620783249321;0.6893654;1.621554;0.6441301;1.618904;-0.6062176;1.15;-0.5692627;1.166557;
637945322876186939;1492.578;8;6;3;0.2;1.4;2096;1.43129770992366;-0.6893655;1.621553;-0.6333786;1.60354;0.6893654;1.621554;0.6441301;1.618904;
637945322926159276;1497.575;8;6;3;0.2;1.4;4994;0.600720865038046;0.6062179;1.15;0.5598602;1.127444;-0.6893655;1.621553;-0.6333786;1.60354;
637945322948174789;1499.777;8;6;3;0.2;1.4;2168;1.38376383763838;-0.4499517;2.036231;-0.4336742;2.003989;0.6062179;1.15;0.5598602;1.127444;
637945322984324265;1503.391;8;6;3;0.2;1.4;3170;0.946372239747634;0.2394144;0.8422153;0.2503212;0.8664526;-0.4499517;2.036231;-0.4336742;2.003989;
637945323038214788;1508.781;8;6;3.5;0.2;2;3379;1.03580941106836;-0.3420197;0.5603072;-0.3405044;0.5981606;0;2.5;0.02116633;2.423435;
637945323056317950;1510.59;8;6;3.5;0.2;2;1809;1.93477059148701;0.6427875;2.266045;0.6198769;2.24575;-0.3420197;0.5603072;-0.3405044;0.5981606;
637945323074311100;1512.39;8;6;3.5;0.2;2;1799;1.94552529182879;-0.8660251;0.9999995;-0.8168129;1.034641;0.6427875;2.266045;0.6198769;2.24575;
637945323103306166;1515.288;8;6;3.5;0.2;2;2899;1.20731286650569;0.9848077;1.673648;0.9119369;1.674213;-0.8660251;0.9999995;-0.8168129;1.034641;
637945323121289310;1517.088;8;6;3.5;0.2;2;1799;1.94552529182879;-0.9848078;1.673648;-0.9495587;1.659837;0.9848077;1.673648;0.9119369;1.674213;
637945323139277459;1518.887;8;6;3.5;0.2;2;1799;1.94552529182879;0.8660256;1;0.7727063;1.032101;-0.9848078;1.673648;-0.9495587;1.659837;
637945323159268530;1520.886;8;6;3.5;0.2;2;1999;1.75087543771886;-0.6427882;2.266044;-0.6456888;2.207996;0.8660256;1;0.7727063;1.032101;
637945323201293339;1525.088;8;6;3.5;0.2;2;4178;0.837721397797989;0.3420205;0.5603075;0.3650956;0.5572546;-0.6427882;2.266044;-0.6456888;2.207996;
637945323254337547;1530.392;8;6;2.5;0.3;1.4;1773;1.41003948110547;-0.2394138;0.8422151;-0.2582201;0.9576575;0;2.2;0.005352416;2.085836;
637945323272475714;1532.205;8;6;2.5;0.3;1.4;1812;1.37969094922737;0.4499513;2.036231;0.406261;2.009142;-0.2394138;0.8422151;-0.2582201;0.9576575;
637945323313431370;1536.302;8;6;2.5;0.3;1.4;4097;0.61020258725897;-0.6062176;1.15;-0.5079617;1.163389;0.4499513;2.036231;0.406261;2.009142;
637945323336415382;1538.6;8;6;2.5;0.3;1.4;2298;1.08790252393386;0.6893654;1.621554;0.608432;1.641281;-0.6062176;1.15;-0.5079617;1.163389;
637945323354420966;1540.399;8;6;2.5;0.3;1.4;1799;1.38966092273485;-0.6893655;1.621553;-0.6448411;1.626326;0.6893654;1.621554;0.608432;1.641281;
637945323368393407;1541.798;8;6;2.5;0.3;1.4;1399;1.78699070764832;0.6062179;1.15;0.5428839;1.199883;-0.6893655;1.621553;-0.6448411;1.626326;
637945323399484056;1544.907;8;6;2.5;0.3;1.4;3109;0.804117079446767;-0.4499517;2.036231;-0.4638306;2.009434;0.6062179;1.15;0.5428839;1.199883;
637945323448497359;1549.807;8;6;2.5;0.3;1.4;4900;0.510204081632653;0.2394144;0.8422153;0.1794911;0.9069321;-0.4499517;2.036231;-0.4638306;2.009434;
637945323496445552;1554.604;8;6;2;0.6;1.8;1678;1.19189511323004;-0.3078177;0.6542765;-0.231926;0.7683266;0;2.4;-0.03186508;2.273468;
637945323513533540;1556.313;8;6;2;0.6;1.8;1709;1.17027501462844;0.5785087;2.18944;0.461999;2.226309;-0.3078177;0.6542765;-0.231926;0.7683266;
637945323531527896;1558.112;8;6;2;0.6;1.8;1800;1.11111111111111;-0.7794226;1.05;-0.7496965;1.170286;0.5785087;2.18944;0.461999;2.226309;
637945323547637599;1559.722;8;6;2;0.6;1.8;1599;1.25078173858662;0.8863269;1.656283;0.653888;1.696122;-0.7794226;1.05;-0.7496965;1.170286;
637945323578506849;1562.81;8;6;2;0.6;1.8;3088;0.647668393782383;-0.8863271;1.656283;-0.7876348;1.568054;0.8863269;1.656283;0.653888;1.696122;
637945323608529451;1565.81;8;6;2;0.6;1.8;3000;0.666666666666667;0.779423;1.05;0.6050863;1.157211;-0.8863271;1.656283;-0.7876348;1.568054;
637945323626592838;1567.618;8;6;2;0.6;1.8;1808;1.10619469026549;-0.5785094;2.18944;-0.5309495;2.140459;0.779423;1.05;0.6050863;1.157211;
637945323643618451;1569.32;8;6;2;0.6;1.8;1702;1.17508813160987;0.3078185;0.6542768;0.2959633;0.8070399;-0.5785094;2.18944;-0.5309495;2.140459;
637945323737853389;1578.741;8;6;4;0.1;1.4;2800;1.42857142857143;-0.2394138;0.8422151;-0.2367484;0.8537644;0;2.2;0.00521604;2.182471;
637945323761492449;1581.109;8;6;4;0.1;1.4;2368;1.68918918918919;0.4499513;2.036231;0.4171945;2.011111;-0.2394138;0.8422151;-0.2367484;0.8537644;
637945323821518268;1587.108;8;6;4;0.1;1.4;6000;0.666666666666667;-0.6062176;1.15;-0.6071158;1.153026;0.4499513;2.036231;0.4171945;2.011111;
637945323845908823;1589.561;8;6;4;0.1;1.4;2453;1.63065633917652;0.6893654;1.621554;0.6403588;1.619506;-0.6062176;1.15;-0.6071158;1.153026;
637945323868547786;1591.814;8;6;4;0.1;1.4;2253;1.77541056369285;-0.6893655;1.621553;-0.6766848;1.630824;0.6893654;1.621554;0.6403588;1.619506;
637945323897569812;1594.716;8;6;4;0.1;1.4;2889;1.38456213222568;0.6062179;1.15;0.5954255;1.178739;-0.6893655;1.621553;-0.6766848;1.630824;
637945323918563485;1596.816;8;6;4;0.1;1.4;2099;1.90566936636494;-0.4499517;2.036231;-0.4481369;2.019034;0.6062179;1.15;0.5954255;1.178739;
637945323950648854;1600.024;8;6;4;0.1;1.4;3208;1.24688279301746;0.2394144;0.8422153;0.2105499;0.837917;-0.4499517;2.036231;-0.4481369;2.019034;
637945324049607259;1609.919;8;6;4.5;0.1;2.2;7792;0.577515400410678;-0.3762217;0.4663379;-0.3498251;0.4708484;0;2.6;-0.01300896;2.570046;
637945324104700486;1615.428;8;6;4.5;0.1;2.2;5509;0.816845162461427;0.7070663;2.342649;0.6754406;2.315497;-0.3762217;0.4663379;-0.3498251;0.4708484;
637945324149350576;1619.905;8;6;4.5;0.1;2.2;4477;1.00513736877373;-0.9526277;0.9499994;-0.9418848;0.9341139;0.7070663;2.342649;0.6754406;2.315497;
637945324170879339;1622.047;8;6;4.5;0.1;2.2;2142;2.10084033613445;1.083289;1.691013;1.063872;1.692579;-0.9526277;0.9499994;-0.9418848;0.9341139;
637945324189772643;1623.937;8;6;4.5;0.1;2.2;1890;2.38095238095238;-1.083289;1.691012;-1.068064;1.732444;1.083289;1.691013;1.063872;1.692579;
637945324209761138;1625.935;8;6;4.5;0.1;2.2;1998;2.25225225225225;0.9526281;0.9500003;0.9231477;0.9858899;-1.083289;1.691012;-1.068064;1.732444;
637945324308813408;1635.84;8;6;4.5;0.1;2.2;9905;0.454316002019182;-0.7070671;2.342648;-0.7006103;2.356344;0.9526281;0.9500003;0.9231477;0.9858899;
637945324359833980;1640.94;8;6;4.5;0.1;2.2;4472;1.00626118067979;0.3762226;0.4663382;0.3569117;0.5074719;-0.7070671;2.342648;-0.7006103;2.356344;
637945324409910583;1645.949;8;6;1.5;1.1;2;1600;0.9375;-0.3420197;0.5603072;-0.2231404;0.8972731;0;2.5;-0.05587217;2.233144;
637945324426978660;1647.656;8;6;1.5;1.1;2;1707;0.878734622144112;0.6427875;2.266045;0.3747857;2.189624;-0.3420197;0.5603072;-0.2231404;0.8972731;
637945324478953607;1652.854;8;6;1.5;1.1;2;5198;0.288572527895344;-0.8660251;0.9999995;-0.6950905;1.104411;0.6427875;2.266045;0.3747857;2.189624;
637945324494934464;1654.453;8;6;1.5;1.1;2;1599;0.938086303939963;0.9848077;1.673648;0.7208692;1.534871;-0.8660251;0.9999995;-0.6950905;1.104411;
637945324512962906;1656.255;8;6;1.5;1.1;2;1802;0.832408435072142;-0.9848078;1.673648;-0.7954079;1.503976;0.9848077;1.673648;0.7208692;1.534871;
637945324544883692;1659.448;8;6;1.5;1.1;2;3193;0.469777638584403;0.8660256;1;0.576443;1.198292;-0.9848078;1.673648;-0.7954079;1.503976;
637945324578131219;1662.772;8;6;1.5;1.1;2;3324;0.451263537906137;-0.6427882;2.266044;-0.5095413;2.024241;0.8660256;1;0.576443;1.198292;
637945324598994865;1664.859;8;6;1.5;1.1;2;2087;0.718735026353618;0.3420205;0.5603075;0.255483;0.8647997;-0.6427882;2.266044;-0.5095413;2.024241;
