06.07.2022 15:59:19;99,0663;2;forearm;2,5;0,3;1,4;1110;2,25225225225225;-0,2394138;0,8422151;-0,2723216;0,9118187;0;2,2;0,003658593;2,108662;
06.07.2022 15:59:20;99,70875;2;forearm;2,5;0,3;1,4;642;3,89408099688474;0,4499513;2,036231;0,3242441;1,956206;-0,2394138;0,8422151;-0,2723216;0,9118187;
06.07.2022 15:59:20;100,4979;2;forearm;2,5;0,3;1,4;789;3,16856780735108;-0,6062176;1,15;-0,5330805;1,270173;0,4499513;2,036231;0,3242441;1,956206;
06.07.2022 15:59:22;101,7658;2;forearm;2,5;0,3;1,4;1268;1,97160883280757;0,6893654;1,621554;0,5973753;1,597089;-0,6062176;1,15;-0,5330805;1,270173;
06.07.2022 15:59:22;102,6649;2;forearm;2,5;0,3;1,4;899;2,78086763070078;-0,6893655;1,621553;-0,6864446;1,57762;0,6893654;1,621554;0,5973753;1,597089;
06.07.2022 15:59:24;103,864;2;forearm;2,5;0,3;1,4;1199;2,08507089241034;0,6062179;1,15;0,6214309;1,153595;-0,6893655;1,621553;-0,6864446;1,57762;
06.07.2022 15:59:24;104,364;2;forearm;2,5;0,3;1,4;500;5;-0,4499517;2,036231;-0,4540316;2,034992;0,6062179;1,15;0,6214309;1,153595;
06.07.2022 15:59:25;105,064;2;forearm;2,5;0,3;1,4;700;3,57142857142857;0,2394144;0,8422153;0,1265782;0,74702;-0,4499517;2,036231;-0,4540316;2,034992;
06.07.2022 15:59:27;106,7632;2;forearm;2;0,6;1,8;900;2,22222222222222;-0,3078177;0,6542765;-0,2788924;0,7991257;0;2,4;-0,03311127;2,392664;
06.07.2022 15:59:27;107,5625;2;forearm;2;0,6;1,8;799;2,50312891113892;0,5785087;2,18944;0,4725025;2,153625;-0,3078177;0,6542765;-0,2788924;0,7991257;
06.07.2022 15:59:28;108,4621;2;forearm;2;0,6;1,8;900;2,22222222222222;-0,7794226;1,05;-0,7658519;1,067214;0,5785087;2,18944;0,4725025;2,153625;
06.07.2022 15:59:30;109,6728;2;forearm;2;0,6;1,8;1211;1,65152766308836;0,8863269;1,656283;0,7325706;1,560583;-0,7794226;1,05;-0,7658519;1,067214;
06.07.2022 15:59:30;110,2205;2;forearm;2;0,6;1,8;548;3,64963503649635;-0,8863271;1,656283;-0,6191385;1,528642;0,8863269;1,656283;0,7325706;1,560583;
06.07.2022 15:59:31;111,172;2;forearm;2;0,6;1,8;952;2,10084033613445;0,779423;1,05;0,6905734;1,084371;-0,8863271;1,656283;-0,6191385;1,528642;
06.07.2022 15:59:32;112,1717;2;forearm;2;0,6;1,8;1000;2;-0,5785094;2,18944;-0,6373945;2,178604;0,779423;1,05;0,6905734;1,084371;
06.07.2022 15:59:33;113,0711;2;forearm;2;0,6;1,8;899;2,22469410456062;0,3078185;0,6542768;0,2504114;0,7525608;-0,5785094;2,18944;-0,6373945;2,178604;
06.07.2022 15:59:36;115,9128;2;forearm;4,5;0,1;2,2;1641;2,74223034734918;-0,3762217;0,4663379;-0,3537313;0,4280713;0;2,6;0,02811533;2,588991;
06.07.2022 15:59:39;119,1681;2;forearm;4,5;0,1;2,2;3255;1,38248847926267;0,7070663;2,342649;0,7051567;2,331649;-0,3762217;0,4663379;-0,3537313;0,4280713;
06.07.2022 15:59:41;120,8991;2;forearm;4,5;0,1;2,2;1731;2,59965337954939;-0,9526277;0,9499994;-0,9033385;0,9433013;0,7070663;2,342649;0,7051567;2,331649;
06.07.2022 15:59:43;123,6187;2;forearm;4,5;0,1;2,2;2720;1,65441176470588;1,083289;1,691013;1,034564;1,680901;-0,9526277;0,9499994;-0,9033385;0,9433013;
06.07.2022 15:59:45;124,777;2;forearm;4,5;0,1;2,2;1158;3,8860103626943;-1,083289;1,691012;-1,036553;1,682335;1,083289;1,691013;1,034564;1,680901;
06.07.2022 15:59:46;126,4758;2;forearm;4,5;0,1;2,2;1699;2,64861683343143;0,9526281;0,9500003;0,906507;0,9654335;-1,083289;1,691012;-1,036553;1,682335;
06.07.2022 15:59:48;127,6753;2;forearm;4,5;0,1;2,2;1200;3,75;-0,7070671;2,342648;-0,737118;2,323916;0,9526281;0,9500003;0,906507;0,9654335;
06.07.2022 15:59:49;128,8164;2;forearm;4,5;0,1;2,2;1141;3,94390885188431;0,3762226;0,4663382;0,3820678;0,4295369;-0,7070671;2,342648;-0,737118;2,323916;
06.07.2022 15:59:50;130,622;2;forearm;3,5;0,2;2;847;4,13223140495868;-0,3420197;0,5603072;-0,2912298;0,6449689;0;2,5;-0,04317623;2,480584;
06.07.2022 15:59:51;131,3738;2;forearm;3,5;0,2;2;752;4,65425531914894;0,6427875;2,266045;0,5975354;2,298867;-0,3420197;0,5603072;-0,2912298;0,6449689;
06.07.2022 15:59:53;132,7746;2;forearm;3,5;0,2;2;1401;2,49821556031406;-0,8660251;0,9999995;-0,9319075;1,052108;0,6427875;2,266045;0,5975354;2,298867;
06.07.2022 15:59:55;134,7135;2;forearm;3,5;0,2;2;1939;1,80505415162455;0,9848077;1,673648;0,9373382;1,589717;-0,8660251;0,9999995;-0,9319075;1,052108;
06.07.2022 15:59:56;136,0202;2;forearm;3,5;0,2;2;1307;2,6778882938026;-0,9848078;1,673648;-1,07834;1,686635;0,9848077;1,673648;0,9373382;1,589717;
06.07.2022 15:59:58;138,0707;2;forearm;3,5;0,2;2;2051;1,70648464163823;0,8660256;1;0,8492265;1,077432;-0,9848078;1,673648;-1,07834;1,686635;
06.07.2022 15:59:59;138,9813;2;forearm;3,5;0,2;2;911;3,84193194291987;-0,6427882;2,266044;-0,7220347;2,236855;0,8660256;1;0,8492265;1,077432;
06.07.2022 16:00:02;141,6802;2;forearm;3,5;0,2;2;2699;1,29677658391997;0,3420205;0,5603075;0,3463426;0,6594344;-0,6427882;2,266044;-0,7220347;2,236855;
06.07.2022 16:00:05;144,9785;2;forearm;3;0,2;1,4;1799;1,66759310728182;-0,2394138;0,8422151;-0,3144329;0,8614924;0;2,2;-0,01306331;2,182586;
06.07.2022 16:00:06;146,3777;2;forearm;3;0,2;1,4;1399;2,14438884917798;0,4499513;2,036231;0,4180816;2,010644;-0,2394138;0,8422151;-0,3144329;0,8614924;
06.07.2022 16:00:08;147,6772;2;forearm;3;0,2;1,4;1300;2,30769230769231;-0,6062176;1,15;-0,629979;1,10711;0,4499513;2,036231;0,4180816;2,010644;
06.07.2022 16:00:08;148,3773;2;forearm;3;0,2;1,4;700;4,28571428571429;0,6893654;1,621554;0,6153401;1,573843;-0,6062176;1,15;-0,629979;1,10711;
06.07.2022 16:00:11;150,6759;2;forearm;3;0,2;1,4;2299;1,30491518051327;-0,6893655;1,621553;-0,6160909;1,600638;0,6893654;1,621554;0,6153401;1,573843;
06.07.2022 16:00:12;151,9754;2;forearm;3;0,2;1,4;1299;2,3094688221709;0,6062179;1,15;0,6715147;1,169155;-0,6893655;1,621553;-0,6160909;1,600638;
06.07.2022 16:00:14;153,8853;2;forearm;3;0,2;1,4;1910;1,57068062827225;-0,4499517;2,036231;-0,4228013;2,04974;0,6062179;1,15;0,6715147;1,169155;
06.07.2022 16:00:15;154,8853;2;forearm;3;0,2;1,4;1000;3;0,2394144;0,8422153;0,2421665;0,8400189;-0,4499517;2,036231;-0,4228013;2,04974;
06.07.2022 16:00:17;157,4957;2;forearm;4;0,1;1,4;1011;3,95647873392681;-0,2394138;0,8422151;-0,1994812;0,8397326;0;2,2;-0,0089463;2,185693;
06.07.2022 16:00:18;158,4834;2;forearm;4;0,1;1,4;988;4,04858299595142;0,4499513;2,036231;0,4196635;2,032967;-0,2394138;0,8422151;-0,1994812;0,8397326;
06.07.2022 16:00:20;160,1882;2;forearm;4;0,1;1,4;1705;2,34604105571848;-0,6062176;1,15;-0,605889;1,112736;0,4499513;2,036231;0,4196635;2,032967;
06.07.2022 16:00:22;162,0928;2;forearm;4;0,1;1,4;1905;2,0997375328084;0,6893654;1,621554;0,683776;1,612787;-0,6062176;1,15;-0,605889;1,112736;
06.07.2022 16:00:24;163,7923;2;forearm;4;0,1;1,4;1699;2,35432607416127;-0,6893655;1,621553;-0,6487972;1,601938;0,6893654;1,621554;0,683776;1,612787;
06.07.2022 16:00:25;165,3374;2;forearm;4;0,1;1,4;1545;2,58899676375405;0,6062179;1,15;0,5565953;1,153247;-0,6893655;1,621553;-0,6487972;1,601938;
06.07.2022 16:00:27;167,1907;2;forearm;4;0,1;1,4;1853;2,15866162978953;-0,4499517;2,036231;-0,4301887;2,030089;0,6062179;1,15;0,5565953;1,153247;
06.07.2022 16:00:29;168,9897;2;forearm;4;0,1;1,4;1799;2,22345747637576;0,2394144;0,8422153;0,2017451;0,8194928;-0,4499517;2,036231;-0,4301887;2,030089;
06.07.2022 16:00:30;170,389;2;forearm;1,5;1,1;2;899;1,66852057842047;-0,3420197;0,5603072;-0,3420319;0,9140532;0;2,5;-0,05214375;2,045506;
06.07.2022 16:00:31;170,8298;2;forearm;1,5;1,1;2;441;3,40136054421769;0,6427875;2,266045;0,2046922;1,935582;-0,3420197;0,5603072;-0,3420319;0,9140532;
06.07.2022 16:00:31;171,3308;2;forearm;1,5;1,1;2;501;2,9940119760479;-0,8660251;0,9999995;-0,4351239;1,186046;0,6427875;2,266045;0,2046922;1,935582;
06.07.2022 16:00:32;172,1884;2;forearm;1,5;1,1;2;858;1,74825174825175;0,9848077;1,673648;0,7310848;1,767376;-0,8660251;0,9999995;-0,4351239;1,186046;
06.07.2022 16:00:33;173,0879;2;forearm;1,5;1,1;2;900;1,66666666666667;-0,9848078;1,673648;-1,0809;1,618855;0,9848077;1,673648;0,7310848;1,767376;
06.07.2022 16:00:34;173,7877;2;forearm;1,5;1,1;2;700;2,14285714285714;0,8660256;1;0,4574268;1,119551;-0,9848078;1,673648;-1,0809;1,618855;
06.07.2022 16:00:35;174,9869;2;forearm;1,5;1,1;2;1199;1,25104253544621;-0,6427882;2,266044;-0,5991309;1,997371;0,8660256;1;0,4574268;1,119551;
06.07.2022 16:00:35;175,5284;2;forearm;1,5;1,1;2;541;2,77264325323475;0,3420205;0,5603075;0,1494489;1,049598;-0,6427882;2,266044;-0,5991309;1,997371;
06.07.2022 16:11:33;95,32458;2;extensor carpi;2,5;0,3;1,4;1256;1,99044585987261;-0,2394138;0,8422151;-0,3155013;0,8929407;0;2,2;-0,02102256;2,053265;
06.07.2022 16:11:34;96,13511;2;extensor carpi;2,5;0,3;1,4;811;3,0826140567201;0,4499513;2,036231;0,4782189;2,117861;-0,2394138;0,8422151;-0,3155013;0,8929407;
06.07.2022 16:11:35;97,33464;2;extensor carpi;2,5;0,3;1,4;1200;2,08333333333333;-0,6062176;1,15;-0,6800621;1,160774;0,4499513;2,036231;0,4782189;2,117861;
06.07.2022 16:11:36;98,43411;2;extensor carpi;2,5;0,3;1,4;1099;2,27479526842584;0,6893654;1,621554;0,7203823;1,670271;-0,6062176;1,15;-0,6800621;1,160774;
06.07.2022 16:11:38;99,83348;2;extensor carpi;2,5;0,3;1,4;1399;1,78699070764832;-0,6893655;1,621553;-0,7119379;1,605029;0,6893654;1,621554;0,7203823;1,670271;
06.07.2022 16:11:39;100,8331;2;extensor carpi;2,5;0,3;1,4;1000;2,5;0,6062179;1,15;0,6551386;1,120868;-0,6893655;1,621553;-0,7119379;1,605029;
06.07.2022 16:11:40;102,2435;2;extensor carpi;2,5;0,3;1,4;1410;1,77304964539007;-0,4499517;2,036231;-0,3743469;1,920224;0,6062179;1,15;0,6551386;1,120868;
06.07.2022 16:11:42;103,5429;2;extensor carpi;2,5;0,3;1,4;1299;1,92455735180908;0,2394144;0,8422153;0,1831723;0,9219773;-0,4499517;2,036231;-0,3743469;1,920224;
06.07.2022 16:11:44;105,6418;2;extensor carpi;2;0,6;1,8;1199;1,66805671392827;-0,3078177;0,6542765;-0,4199504;0,9285822;0;2,4;-0,01939827;2,349463;
06.07.2022 16:11:45;107,1412;2;extensor carpi;2;0,6;1,8;1499;1,33422281521014;0,5785087;2,18944;0,432692;2,043671;-0,3078177;0,6542765;-0,4199504;0,9285822;
06.07.2022 16:11:47;108,5405;2;extensor carpi;2;0,6;1,8;1399;1,42959256611866;-0,7794226;1,05;-0,7747627;1,101925;0,5785087;2,18944;0,432692;2,043671;
06.07.2022 16:11:47;109,4401;2;extensor carpi;2;0,6;1,8;900;2,22222222222222;0,8863269;1,656283;0,8666745;1,560461;-0,7794226;1,05;-0,7747627;1,101925;
06.07.2022 16:11:49;110,5396;2;extensor carpi;2;0,6;1,8;1099;1,81983621474067;-0,8863271;1,656283;-0,9018134;1,849939;0,8863269;1,656283;0,8666745;1,560461;
06.07.2022 16:11:50;111,739;2;extensor carpi;2;0,6;1,8;1199;1,66805671392827;0,779423;1,05;0,6859269;1,072764;-0,8863271;1,656283;-0,9018134;1,849939;
06.07.2022 16:11:51;112,7385;2;extensor carpi;2;0,6;1,8;999;2,002002002002;-0,5785094;2,18944;-0,7567377;2,318079;0,779423;1,05;0,6859269;1,072764;
06.07.2022 16:11:52;113,8381;2;extensor carpi;2;0,6;1,8;1100;1,81818181818182;0,3078185;0,6542768;0,259299;0,7526571;-0,5785094;2,18944;-0,7567377;2,318079;
06.07.2022 16:11:55;116,9478;2;extensor carpi;4,5;0,1;2,2;1699;2,64861683343143;-0,3762217;0,4663379;-0,3484308;0,4525691;0;2,6;0,04355478;2,592127;
06.07.2022 16:11:56;117,9472;2;extensor carpi;4,5;0,1;2,2;999;4,5045045045045;0,7070663;2,342649;0,6813136;2,356586;-0,3762217;0,4663379;-0,3484308;0,4525691;
06.07.2022 16:11:57;119,458;2;extensor carpi;4,5;0,1;2,2;1511;2,97816015883521;-0,9526277;0,9499994;-0,9576842;0,942818;0,7070663;2,342649;0,6813136;2,356586;
06.07.2022 16:12:00;121,7567;2;extensor carpi;4,5;0,1;2,2;2299;1,9573727707699;1,083289;1,691013;1,050111;1,673927;-0,9526277;0,9499994;-0,9576842;0,942818;
06.07.2022 16:12:02;123,5557;2;extensor carpi;4,5;0,1;2,2;1799;2,50138966092273;-1,083289;1,691012;-1,080921;1,694596;1,083289;1,691013;1,050111;1,673927;
06.07.2022 16:12:04;125,5549;2;extensor carpi;4,5;0,1;2,2;1999;2,25112556278139;0,9526281;0,9500003;0,9176663;0,9697685;-1,083289;1,691012;-1,080921;1,694596;
06.07.2022 16:12:05;126,5545;2;extensor carpi;4,5;0,1;2,2;1000;4,5;-0,7070671;2,342648;-0,7053727;2,293207;0,9526281;0,9500003;0,9176663;0,9697685;
06.07.2022 16:12:07;128,6533;2;extensor carpi;4,5;0,1;2,2;2099;2,14387803716055;0,3762226;0,4663382;0,3494573;0,4885297;-0,7070671;2,342648;-0,7053727;2,293207;
06.07.2022 16:12:09;130,5527;2;extensor carpi;3,5;0,2;2;1000;3,5;-0,3420197;0,5603072;-0,3037537;0,5555973;0;2,5;0,03284544;2,445558;
06.07.2022 16:12:09;131,4524;2;extensor carpi;3,5;0,2;2;900;3,88888888888889;0,6427875;2,266045;0,5596625;2,213092;-0,3420197;0,5603072;-0,3037537;0,5555973;
06.07.2022 16:12:11;132,9625;2;extensor carpi;3,5;0,2;2;1510;2,31788079470199;-0,8660251;0,9999995;-0,8966371;1,001113;0,6427875;2,266045;0,5596625;2,213092;
06.07.2022 16:12:13;134,8617;2;extensor carpi;3,5;0,2;2;1899;1,84307530279094;0,9848077;1,673648;0,9415992;1,634535;-0,8660251;0,9999995;-0,8966371;1,001113;
06.07.2022 16:12:14;136,0612;2;extensor carpi;3,5;0,2;2;1199;2,91909924937448;-0,9848078;1,673648;-0,9264712;1,676803;0,9848077;1,673648;0,9415992;1,634535;
06.07.2022 16:12:15;137,1607;2;extensor carpi;3,5;0,2;2;1100;3,18181818181818;0,8660256;1;0,8944027;0,9173483;-0,9848078;1,673648;-0,9264712;1,676803;
06.07.2022 16:12:17;138,9925;2;extensor carpi;3,5;0,2;2;1832;1,91048034934498;-0,6427882;2,266044;-0,6936713;2,180718;0,8660256;1;0,8944027;0,9173483;
06.07.2022 16:12:18;140,3593;2;extensor carpi;3,5;0,2;2;1367;2,56035113386979;0,3420205;0,5603075;0,2925256;0,6139989;-0,6427882;2,266044;-0,6936713;2,180718;
06.07.2022 16:12:22;143,7577;2;extensor carpi;3;0,2;1,4;1499;2,00133422281521;-0,2394138;0,8422151;-0,267235;0,8721995;0;2,2;-0,03895825;2,130777;
06.07.2022 16:12:23;144,7571;2;extensor carpi;3;0,2;1,4;999;3,003003003003;0,4499513;2,036231;0,3824009;2,008461;-0,2394138;0,8422151;-0,267235;0,8721995;
06.07.2022 16:12:24;145,9564;2;extensor carpi;3;0,2;1,4;1199;2,50208507089241;-0,6062176;1,15;-0,5852408;1,153002;0,4499513;2,036231;0,3824009;2,008461;
06.07.2022 16:12:25;147,3559;2;extensor carpi;3;0,2;1,4;1399;2,14438884917798;0,6893654;1,621554;0,6203402;1,57929;-0,6062176;1,15;-0,5852408;1,153002;
06.07.2022 16:12:27;148,5665;2;extensor carpi;3;0,2;1,4;1211;2,47729149463254;-0,6893655;1,621553;-0,6496912;1,596262;0,6893654;1,621554;0,6203402;1,57929;
06.07.2022 16:12:28;150,4655;2;extensor carpi;3;0,2;1,4;1899;1,57977883096367;0,6062179;1,15;0,6377975;1,122398;-0,6893655;1,621553;-0,6496912;1,596262;
06.07.2022 16:12:31;153,3642;2;extensor carpi;3;0,2;1,4;2899;1,03483959986202;-0,4499517;2,036231;-0,4487835;1,997714;0,6062179;1,15;0,6377975;1,122398;
06.07.2022 16:12:33;155,2633;2;extensor carpi;3;0,2;1,4;1899;1,57977883096367;0,2394144;0,8422153;0,222829;0,8816231;-0,4499517;2,036231;-0,4487835;1,997714;
06.07.2022 16:12:37;158,7616;2;extensor carpi;4;0,1;1,4;1499;2,66844563042028;-0,2394138;0,8422151;-0,2195891;0,8189644;0;2,2;0,003424585;2,198236;
06.07.2022 16:12:39;161,4608;2;extensor carpi;4;0,1;1,4;2699;1,48203038162282;0,4499513;2,036231;0,4320493;2,061165;-0,2394138;0,8422151;-0,2195891;0,8189644;
06.07.2022 16:12:41;163,3122;2;extensor carpi;4;0,1;1,4;1851;2,16099405726634;-0,6062176;1,15;-0,6028457;1,104728;0,4499513;2,036231;0,4320493;2,061165;
06.07.2022 16:12:43;165,0698;2;extensor carpi;4;0,1;1,4;1758;2,27531285551763;0,6893654;1,621554;0,6620278;1,587718;-0,6062176;1,15;-0,6028457;1,104728;
06.07.2022 16:12:44;166,3694;2;extensor carpi;4;0,1;1,4;1300;3,07692307692308;-0,6893655;1,621553;-0,6546679;1,648394;0,6893654;1,621554;0,6620278;1,587718;
06.07.2022 16:12:47;168,5684;2;extensor carpi;4;0,1;1,4;2199;1,81900864029104;0,6062179;1,15;0,5817549;1,120609;-0,6893655;1,621553;-0,6546679;1,648394;
06.07.2022 16:12:48;169,9993;2;extensor carpi;4;0,1;1,4;1431;2,79524807826695;-0,4499517;2,036231;-0,491355;2,052536;0,6062179;1,15;0,5817549;1,120609;
06.07.2022 16:12:50;172,4666;2;extensor carpi;4;0,1;1,4;2467;1,6214025131739;0,2394144;0,8422153;0,199104;0,8434439;-0,4499517;2,036231;-0,491355;2,052536;
06.07.2022 16:12:52;174,3656;2;extensor carpi;1,5;1,1;2;999;1,5015015015015;-0,3420197;0,5603072;-0,4710572;0,7674422;0;2,5;-0,0006962419;2,137451;
06.07.2022 16:12:53;174,8654;2;extensor carpi;1,5;1,1;2;500;3;0,6427875;2,266045;0,3350888;1,872291;-0,3420197;0,5603072;-0,4710572;0,7674422;
06.07.2022 16:12:54;175,7651;2;extensor carpi;1,5;1,1;2;900;1,66666666666667;-0,8660251;0,9999995;-0,719104;1,108379;0,6427875;2,266045;0,3350888;1,872291;
06.07.2022 16:12:58;180,374;2;extensor carpi;1,5;1,1;2;4609;0,325450206118464;0,9848077;1,673648;0,7199924;1,643181;-0,8660251;0,9999995;-0,719104;1,108379;
06.07.2022 16:12:59;181,274;2;extensor carpi;1,5;1,1;2;900;1,66666666666667;-0,9848078;1,673648;-0,6707811;1,684266;0,9848077;1,673648;0,7199924;1,643181;
06.07.2022 16:13:01;182,5728;2;extensor carpi;1,5;1,1;2;1299;1,15473441108545;0,8660256;1;0,6460608;1,222124;-0,9848078;1,673648;-0,6707811;1,684266;
06.07.2022 16:13:01;183,2727;2;extensor carpi;1,5;1,1;2;700;2,14285714285714;-0,6427882;2,266044;-0,3393921;1,914406;0,8660256;1;0,6460608;1,222124;
06.07.2022 16:13:02;184,3722;2;extensor carpi;1,5;1,1;2;1099;1,36487716105551;0,3420205;0,5603075;0,2589397;0,9372904;-0,6427882;2,266044;-0,3393921;1,914406;
06.07.2022 16:20:21;120,6576;2;digitorum;2,5;0,3;1,4;789;3,16856780735108;-0,2394138;0,8422151;-0,2618745;0,9327224;0;2,2;-0,01896948;2,202852;
06.07.2022 16:20:22;121,968;2;digitorum;2,5;0,3;1,4;1310;1,90839694656489;0,4499513;2,036231;0,4546577;2,078027;-0,2394138;0,8422151;-0,2618745;0,9327224;
06.07.2022 16:20:23;122,8676;2;digitorum;2,5;0,3;1,4;900;2,77777777777778;-0,6062176;1,15;-0,6840347;1,217118;0,4499513;2,036231;0,4546577;2,078027;
06.07.2022 16:20:24;123,8783;2;digitorum;2,5;0,3;1,4;1011;2,47279920870425;0,6893654;1,621554;0,6757385;1,609297;-0,6062176;1,15;-0,6840347;1,217118;
06.07.2022 16:20:25;124,6667;2;digitorum;2,5;0,3;1,4;788;3,17258883248731;-0,6893655;1,621553;-0,6068383;1,633072;0,6893654;1,621554;0,6757385;1,609297;
06.07.2022 16:20:26;125,9661;2;digitorum;2,5;0,3;1,4;1299;1,92455735180908;0,6062179;1,15;0,5147192;1,172932;-0,6893655;1,621553;-0,6068383;1,633072;
06.07.2022 16:20:28;127,0656;2;digitorum;2,5;0,3;1,4;1099;2,27479526842584;-0,4499517;2,036231;-0,4993959;2,073318;0,6062179;1,15;0,5147192;1,172932;
06.07.2022 16:20:33;132,1633;2;digitorum;2,5;0,3;1,4;5098;0,490388387602982;0,2394144;0,8422153;0,1870081;0,9294885;-0,4499517;2,036231;-0,4993959;2,073318;
06.07.2022 16:20:35;134,5731;2;digitorum;2;0,6;1,8;1410;1,41843971631206;-0,3078177;0,6542765;-0,3343847;0,8529437;0;2,4;-0,06380481;2,108552;
06.07.2022 16:20:37;136,1725;2;digitorum;2;0,6;1,8;1599;1,25078173858662;0,5785087;2,18944;0,3811205;2,008244;-0,3078177;0,6542765;-0,3343847;0,8529437;
06.07.2022 16:20:38;137,7719;2;digitorum;2;0,6;1,8;1599;1,25078173858662;-0,7794226;1,05;-0,754055;1,047401;0,5785087;2,18944;0,3811205;2,008244;
06.07.2022 16:20:44;143,6692;2;digitorum;2;0,6;1,8;5897;0,339155502798033;0,8863269;1,656283;0,7792707;1,616925;-0,7794226;1,05;-0,754055;1,047401;
06.07.2022 16:20:45;144,8685;2;digitorum;2;0,6;1,8;1199;1,66805671392827;-0,8863271;1,656283;-0,7798858;1,764781;0,8863269;1,656283;0,7792707;1,616925;
06.07.2022 16:20:47;146,5677;2;digitorum;2;0,6;1,8;1699;1,17716303708064;0,779423;1,05;0,6217622;1,140224;-0,8863271;1,656283;-0,7798858;1,764781;
06.07.2022 16:23:42;112,9703;2;digitorum;2,5;0,3;1,4;1799;1,38966092273485;-0,2394138;0,8422151;-0,2754;0,7988558;0;2,2;0,05969244;2,142596;
06.07.2022 16:23:49;120,067;2;digitorum;2,5;0,3;1,4;7097;0,35226151895167;0,4499513;2,036231;0,4432798;1,986987;-0,2394138;0,8422151;-0,2754;0,7988558;
06.07.2022 16:23:52;123,0767;2;digitorum;2,5;0,3;1,4;3010;0,830564784053156;-0,6062176;1,15;-0,6421821;1,207935;0,4499513;2,036231;0,4432798;1,986987;
06.07.2022 16:23:53;124,376;2;digitorum;2,5;0,3;1,4;1299;1,92455735180908;0,6893654;1,621554;0,5991905;1,531446;-0,6062176;1,15;-0,6421821;1,207935;
06.07.2022 16:23:58;128,6742;2;digitorum;2,5;0,3;1,4;4298;0,581665891112145;-0,6893655;1,621553;-0,6992003;1,641657;0,6893654;1,621554;0,5991905;1,531446;
06.07.2022 16:23:59;129,7736;2;digitorum;2,5;0,3;1,4;1099;2,27479526842584;0,6062179;1,15;0,6790215;1,060526;-0,6893655;1,621553;-0,6992003;1,641657;
06.07.2022 16:24:00;130,7847;2;digitorum;2,5;0,3;1,4;1011;2,47279920870425;-0,4499517;2,036231;-0,428595;2,027627;0,6062179;1,15;0,6790215;1,060526;
06.07.2022 16:24:01;131,6838;2;digitorum;2,5;0,3;1,4;899;2,78086763070078;0,2394144;0,8422153;0,1275561;0,8604004;-0,4499517;2,036231;-0,428595;2,027627;
06.07.2022 16:24:18;148,6873;2;digitorum;2;0,6;1,8;16303;0,122676807949457;-0,3078177;0,6542765;-0,3421291;0,6710771;0;2,4;-0,042198;2,272947;
06.07.2022 16:29:49;106,3745;2;digi;2,5;0,3;1,4;900;2,77777777777778;-0,2394138;0,8422151;-0,2831336;0,7205343;0;2,2;-0,05356878;2,231142;
06.07.2022 16:29:50;107,2741;2;digi;2,5;0,3;1,4;900;2,77777777777778;0,4499513;2,036231;0,5483361;1,99917;-0,2394138;0,8422151;-0,2831336;0,7205343;
06.07.2022 16:29:52;109,6731;2;digi;2,5;0,3;1,4;2399;1,04210087536474;-0,6062176;1,15;-0,6196625;1,035114;0,4499513;2,036231;0,5483361;1,99917;
06.07.2022 16:29:53;110,3725;2;digi;2,5;0,3;1,4;699;3,57653791130186;0,6893654;1,621554;0,6575561;1,594859;-0,6062176;1,15;-0,6196625;1,035114;
06.07.2022 16:29:54;111,0724;2;digi;2,5;0,3;1,4;700;3,57142857142857;-0,6893655;1,621553;-0,7274305;1,546793;0,6893654;1,621554;0,6575561;1,594859;
06.07.2022 16:29:54;111,8035;2;digi;2,5;0,3;1,4;731;3,41997264021888;0,6062179;1,15;0,4687014;1,206589;-0,6893655;1,621553;-0,7274305;1,546793;
06.07.2022 16:29:56;113,6711;2;digi;2,5;0,3;1,4;1868;1,33832976445396;-0,4499517;2,036231;-0,4621426;1,974902;0,6062179;1,15;0,4687014;1,206589;
06.07.2022 16:29:58;114,8706;2;digi;2,5;0,3;1,4;1200;2,08333333333333;0,2394144;0,8422153;0,2584516;0,8409818;-0,4499517;2,036231;-0,4621426;1,974902;
06.07.2022 16:29:59;116,57;2;digi;2;0,6;1,8;800;2,5;-0,3078177;0,6542765;-0,3006725;0,6688547;0;2,4;-0,02202225;2,221374;
06.07.2022 16:30:00;117,2804;2;digi;2;0,6;1,8;710;2,8169014084507;0,5785087;2,18944;0,5586805;2,069879;-0,3078177;0,6542765;-0,3006725;0,6688547;
06.07.2022 16:30:01;117,8913;2;digi;2;0,6;1,8;611;3,27332242225859;-0,7794226;1,05;-0,9497066;0,963814;0,5785087;2,18944;0,5586805;2,069879;
06.07.2022 16:30:01;118,5799;2;digi;2;0,6;1,8;689;2,90275761973875;0,8863269;1,656283;0,8778065;1,675601;-0,7794226;1,05;-0,9497066;0,963814;
06.07.2022 16:30:02;119,2797;2;digi;2;0,6;1,8;700;2,85714285714286;-0,8863271;1,656283;-1,158008;1,639108;0,8863269;1,656283;0,8778065;1,675601;
06.07.2022 16:30:03;119,9793;2;digi;2;0,6;1,8;700;2,85714285714286;0,779423;1,05;0,658288;1,258606;-0,8863271;1,656283;-1,158008;1,639108;
06.07.2022 16:30:03;120,5791;2;digi;2;0,6;1,8;600;3,33333333333333;-0,5785094;2,18944;-0,5131764;1,911854;0,779423;1,05;0,658288;1,258606;
06.07.2022 16:30:04;121,4787;2;digi;2;0,6;1,8;900;2,22222222222222;0,3078185;0,6542768;0,1801645;0,8109729;-0,5785094;2,18944;-0,5131764;1,911854;
06.07.2022 16:30:06;123,6777;2;digi;4,5;0,1;2,2;1300;3,46153846153846;-0,3762217;0,4663379;-0,3464589;0,4983467;0;2,6;-0,03894824;2,590519;
06.07.2022 16:30:07;124,6773;2;digi;4,5;0,1;2,2;1000;4,5;0,7070663;2,342649;0,6923327;2,356744;-0,3762217;0,4663379;-0,3464589;0,4983467;
06.07.2022 16:30:09;125,8766;2;digi;4,5;0,1;2,2;1199;3,75312760633862;-0,9526277;0,9499994;-0,9639719;0,9147198;0,7070663;2,342649;0,6923327;2,356744;
06.07.2022 16:30:11;128,5753;2;digi;4,5;0,1;2,2;2699;1,66728417932568;1,083289;1,691013;1,113648;1,677637;-0,9526277;0,9499994;-0,9639719;0,9147198;
06.07.2022 16:30:13;130,4744;2;digi;4,5;0,1;2,2;1899;2,3696682464455;-1,083289;1,691012;-1,089852;1,652775;1,083289;1,691013;1,113648;1,677637;
06.07.2022 16:30:15;131,874;2;digi;4,5;0,1;2,2;1400;3,21428571428571;0,9526281;0,9500003;0,9328625;0,948191;-1,083289;1,691012;-1,089852;1,652775;
06.07.2022 16:30:16;133,1265;2;digi;4,5;0,1;2,2;1252;3,59424920127796;-0,7070671;2,342648;-0,7552584;2,331759;0,9526281;0,9500003;0,9328625;0,948191;
06.07.2022 16:30:19;136,4828;2;digi;4,5;0,1;2,2;3356;1,34088200238379;0,3762226;0,4663382;0,3725163;0,4938834;-0,7070671;2,342648;-0,7552584;2,331759;
06.07.2022 16:30:22;138,9816;2;digi;3,5;0,2;2;899;3,89321468298109;-0,3420197;0,5603072;-0,2617876;0,6045991;0;2,5;0,0386579;2,444964;
06.07.2022 16:30:23;139,9813;2;digi;3,5;0,2;2;1000;3,5;0,6427875;2,266045;0,6661044;2,295795;-0,3420197;0,5603072;-0,2617876;0,6045991;
06.07.2022 16:30:24;141,1807;2;digi;3,5;0,2;2;1199;2,91909924937448;-0,8660251;0,9999995;-0,8572605;0,9682722;0,6427875;2,266045;0,6661044;2,295795;
06.07.2022 16:30:25;142,0913;2;digi;3,5;0,2;2;911;3,84193194291987;0,9848077;1,673648;0,9039591;1,615132;-0,8660251;0,9999995;-0,8572605;0,9682722;
06.07.2022 16:30:26;142,991;2;digi;3,5;0,2;2;900;3,88888888888889;-0,9848078;1,673648;-0,9337436;1,643711;0,9848077;1,673648;0,9039591;1,615132;
06.07.2022 16:30:27;143,8905;2;digi;3,5;0,2;2;900;3,88888888888889;0,8660256;1;0,7996374;1,009248;-0,9848078;1,673648;-0,9337436;1,643711;
06.07.2022 16:30:27;144,7216;2;digi;3,5;0,2;2;831;4,21179302045728;-0,6427882;2,266044;-0,6673767;2,343363;0,8660256;1;0,7996374;1,009248;
06.07.2022 16:30:29;146,4893;2;digi;3,5;0,2;2;1768;1,97963800904977;0,3420205;0,5603075;0,2797504;0,6128356;-0,6427882;2,266044;-0,6673767;2,343363;
06.07.2022 16:30:31;147,8888;2;digi;3;0,2;1,4;700;4,28571428571429;-0,2394138;0,8422151;-0,205344;0,7825079;0;2,2;-0,01834869;2,169197;
06.07.2022 16:30:31;148,6205;2;digi;3;0,2;1,4;732;4,09836065573771;0,4499513;2,036231;0,4787652;2,092274;-0,2394138;0,8422151;-0,205344;0,7825079;
06.07.2022 16:30:33;150,0875;2;digi;3;0,2;1,4;1467;2,04498977505112;-0,6062176;1,15;-0,5422484;1,105816;0,4499513;2,036231;0,4787652;2,092274;
06.07.2022 16:30:35;152,2977;2;digi;3;0,2;1,4;2210;1,35746606334842;0,6893654;1,621554;0,669602;1,622712;-0,6062176;1,15;-0,5422484;1,105816;
06.07.2022 16:30:36;153,1972;2;digi;3;0,2;1,4;899;3,33704115684093;-0,6893655;1,621553;-0,6364321;1,64111;0,6893654;1,621554;0,669602;1,622712;
06.07.2022 16:30:38;155,4965;2;digi;3;0,2;1,4;2299;1,30491518051327;0,6062179;1,15;0,5945233;1,185275;-0,6893655;1,621553;-0,6364321;1,64111;
06.07.2022 16:30:39;156,5957;2;digi;3;0,2;1,4;1099;2,72975432211101;-0,4499517;2,036231;-0,4192093;1,991451;0,6062179;1,15;0,5945233;1,185275;
06.07.2022 16:30:40;157,5953;2;digi;3;0,2;1,4;1000;3;0,2394144;0,8422153;0,3041391;0,8556921;-0,4499517;2,036231;-0,4192093;1,991451;
06.07.2022 16:30:43;160,6939;2;digi;4;0,1;1,4;1899;2,10637177461822;-0,2394138;0,8422151;-0,2494834;0,8623327;0;2,2;0,005876362;2,16768;
06.07.2022 16:30:45;162,1932;2;digi;4;0,1;1,4;1499;2,66844563042028;0,4499513;2,036231;0,4469381;2,023102;-0,2394138;0,8422151;-0,2494834;0,8623327;
06.07.2022 16:30:46;163,7923;2;digi;4;0,1;1,4;1599;2,50156347717323;-0,6062176;1,15;-0,5995892;1,105569;0,4499513;2,036231;0,4469381;2,023102;
06.07.2022 16:30:48;165,6916;2;digi;4;0,1;1,4;1899;2,10637177461822;0,6893654;1,621554;0,6552063;1,616442;-0,6062176;1,15;-0,5995892;1,105569;
06.07.2022 16:30:50;167,6019;2;digi;4;0,1;1,4;1910;2,09424083769634;-0,6893655;1,621553;-0,700377;1,627701;0,6893654;1,621554;0,6552063;1,616442;
06.07.2022 16:30:52;169,5009;2;digi;4;0,1;1,4;1899;2,10637177461822;0,6062179;1,15;0,5833491;1,17768;-0,6893655;1,621553;-0,700377;1,627701;
06.07.2022 16:30:54;171,1002;2;digi;4;0,1;1,4;1599;2,50156347717323;-0,4499517;2,036231;-0,4066362;2,02308;0,6062179;1,15;0,5833491;1,17768;
06.07.2022 16:30:55;172,5107;2;digi;4;0,1;1,4;1410;2,83687943262411;0,2394144;0,8422153;0,260366;0,8360852;-0,4499517;2,036231;-0,4066362;2,02308;
06.07.2022 16:30:56;173,8101;2;digi;1,5;1,1;2;600;2,5;-0,3420197;0,5603072;-0,3081292;0,9158105;0;2,5;-0,03218752;2,371244;
06.07.2022 16:30:57;174,41;2;digi;1,5;1,1;2;600;2,5;0,6427875;2,266045;0,4642055;2,022072;-0,3420197;0,5603072;-0,3081292;0,9158105;
06.07.2022 16:30:57;174,8094;2;digi;1,5;1,1;2;399;3,7593984962406;-0,8660251;0,9999995;-0,9437095;1,088916;0,6427875;2,266045;0,4642055;2,022072;
06.07.2022 16:30:58;175,3092;2;digi;1,5;1,1;2;500;3;0,9848077;1,673648;0,662726;1,640443;-0,8660251;0,9999995;-0,9437095;1,088916;
06.07.2022 16:30:59;175,9089;2;digi;1,5;1,1;2;600;2,5;-0,9848078;1,673648;-0,7948433;1,603032;0,9848077;1,673648;0,662726;1,640443;
06.07.2022 16:30:59;176,4088;2;digi;1,5;1,1;2;500;3;0,8660256;1;0,5511591;1,301625;-0,9848078;1,673648;-0,7948433;1,603032;
06.07.2022 16:31:00;177,0088;2;digi;1,5;1,1;2;600;2,5;-0,6427882;2,266044;-0,3844444;1,941086;0,8660256;1;0,5511591;1,301625;
06.07.2022 16:31:00;177,6082;2;digi;1,5;1,1;2;599;2,50417362270451;0,3420205;0,5603075;0,2688373;0,7060629;-0,6427882;2,266044;-0,3844444;1,941086;
06.07.2022 16:41:09;77,27445;2;inside;2,5;0,3;1,4;1499;1,66777851901268;-0,2394138;0,8422151;-0,2146799;0,8871479;0;2,2;-0,01334625;2,230027;
06.07.2022 16:41:10;79,08462;2;inside;2,5;0,3;1,4;1810;1,38121546961326;0,4499513;2,036231;0,3966434;2,021526;-0,2394138;0,8422151;-0,2146799;0,8871479;
06.07.2022 16:41:12;81,08358;2;inside;2,5;0,3;1,4;1999;1,25062531265633;-0,6062176;1,15;-0,6008289;1,194516;0,4499513;2,036231;0,3966434;2,021526;
06.07.2022 16:41:16;84,48203;2;inside;2,5;0,3;1,4;3398;0,735726898175397;0,6893654;1,621554;0,6198791;1,63127;-0,6062176;1,15;-0,6008289;1,194516;
06.07.2022 16:41:18;86,98103;2;inside;2,5;0,3;1,4;2499;1,00040016006403;-0,6893655;1,621553;-0,635982;1,633372;0,6893654;1,621554;0,6198791;1,63127;
06.07.2022 16:41:22;90,37955;2;inside;2,5;0,3;1,4;3399;0,735510444248308;0,6062179;1,15;0,5478752;1,129947;-0,6893655;1,621553;-0,635982;1,633372;
06.07.2022 16:41:23;92,07897;2;inside;2,5;0,3;1,4;1699;1,47145379635079;-0,4499517;2,036231;-0,4896036;1,989004;0,6062179;1,15;0,5478752;1,129947;
06.07.2022 16:41:24;93,07822;2;inside;2,5;0,3;1,4;999;2,5025025025025;0,2394144;0,8422153;0,2607732;0,8241553;-0,4499517;2,036231;-0,4896036;1,989004;
06.07.2022 16:41:27;95,57747;2;inside;2;0,6;1,8;1100;1,81818181818182;-0,3078177;0,6542765;-0,213989;0,8213034;0;2,4;-0,009308398;2,258379;
06.07.2022 16:41:28;96,57658;2;inside;2;0,6;1,8;999;2,002002002002;0,5785087;2,18944;0,5069511;2,098292;-0,3078177;0,6542765;-0,213989;0,8213034;
06.07.2022 16:41:43;111,6806;2;inside;2;0,6;1,8;15104;0,132415254237288;-0,7794226;1,05;-0,739342;1,234688;0,5785087;2,18944;0,5069511;2,098292;
06.07.2022 16:41:48;116,5896;2;inside;2;0,6;1,8;4909;0,407414952128743;0,8863269;1,656283;0,7440867;1,707688;-0,7794226;1,05;-0,739342;1,234688;
06.07.2022 16:41:49;117,3893;2;inside;2;0,6;1,8;800;2,5;-0,8863271;1,656283;-0,716512;1,647623;0,8863269;1,656283;0,7440867;1,707688;
06.07.2022 16:41:50;118,2888;2;inside;2;0,6;1,8;899;2,22469410456062;0,779423;1,05;0,6492518;1,202334;-0,8863271;1,656283;-0,716512;1,647623;
06.07.2022 16:41:50;119,1884;2;inside;2;0,6;1,8;900;2,22222222222222;-0,5785094;2,18944;-0,4486457;2,084317;0,779423;1,05;0,6492518;1,202334;
06.07.2022 16:41:51;119,9878;2;inside;2;0,6;1,8;799;2,50312891113892;0,3078185;0,6542768;0,2642413;0,6713547;-0,5785094;2,18944;-0,4486457;2,084317;
06.07.2022 16:41:56;124,486;2;inside;4,5;0,1;2,2;2699;1,66728417932568;-0,3762217;0,4663379;-0,3632123;0,4969677;0;2,6;-0,02450055;2,602154;
06.07.2022 16:41:58;126,9957;2;inside;4,5;0,1;2,2;2510;1,79282868525896;0,7070663;2,342649;0,7003162;2,333493;-0,3762217;0,4663379;-0,3632123;0,4969677;
06.07.2022 16:42:03;132,0934;2;inside;4,5;0,1;2,2;5098;0,882699097685367;-0,9526277;0,9499994;-0,9772135;0,9601434;0,7070663;2,342649;0,7003162;2,333493;
06.07.2022 16:42:05;133,393;2;inside;4,5;0,1;2,2;1300;3,46153846153846;1,083289;1,691013;1,090711;1,668256;-0,9526277;0,9499994;-0,9772135;0,9601434;
06.07.2022 16:42:07;135,9916;2;inside;4,5;0,1;2,2;2599;1,73143516737207;-1,083289;1,691012;-1,088462;1,681165;1,083289;1,691013;1,090711;1,668256;
06.07.2022 16:42:13;141,4891;2;inside;4,5;0,1;2,2;5497;0,818628342732399;0,9526281;0,9500003;0,9712402;0,9083631;-1,083289;1,691012;-1,088462;1,681165;
06.07.2022 16:42:15;143,3993;2;inside;4,5;0,1;2,2;1910;2,35602094240838;-0,7070671;2,342648;-0,6949497;2,349141;0,9526281;0,9500003;0,9712402;0,9083631;
06.07.2022 16:42:16;144,8987;2;inside;4,5;0,1;2,2;1499;3,00200133422282;0,3762226;0,4663382;0,3709147;0,5061027;-0,7070671;2,342648;-0,6949497;2,349141;
06.07.2022 16:42:19;147,6976;2;inside;3,5;0,2;2;1699;2,06003531489111;-0,3420197;0,5603072;-0,3662826;0,6541047;0;2,5;-0,058092;2,458558;
06.07.2022 16:42:20;148,4455;2;inside;3,5;0,2;2;748;4,67914438502674;0,6427875;2,266045;0,6327721;2,166646;-0,3420197;0,5603072;-0,3662826;0,6541047;
06.07.2022 16:42:24;152,2951;2;inside;3,5;0,2;2;3850;0,909090909090909;-0,8660251;0,9999995;-0,8184642;0,9714311;0,6427875;2,266045;0,6327721;2,166646;
06.07.2022 16:42:26;154,3053;2;inside;3,5;0,2;2;2010;1,74129353233831;0,9848077;1,673648;0,9169092;1,675214;-0,8660251;0,9999995;-0,8184642;0,9714311;
06.07.2022 16:42:32;160,9023;2;inside;3,5;0,2;2;6597;0,530544186751554;-0,9848078;1,673648;-0,9398289;1,627746;0,9848077;1,673648;0,9169092;1,675214;
06.07.2022 16:42:33;162,0017;2;inside;3,5;0,2;2;1099;3,18471337579618;0,8660256;1;0,8285404;1,050203;-0,9848078;1,673648;-0,9398289;1,627746;
06.07.2022 16:42:36;164,3007;2;inside;3,5;0,2;2;2299;1,52240104393214;-0,6427882;2,266044;-0,6427733;2,241541;0,8660256;1;0,8285404;1,050203;
06.07.2022 16:42:37;165,6001;2;inside;3,5;0,2;2;1299;2,69438029253272;0,3420205;0,5603075;0,2986743;0,6325034;-0,6427882;2,266044;-0,6427733;2,241541;
06.07.2022 16:42:45;173,6075;2;inside;3;0,2;1,4;1299;2,3094688221709;-0,2394138;0,8422151;-0,1880345;0,8914852;0;2,2;0,02063429;2,131606;
06.07.2022 16:42:47;175,7066;2;inside;3;0,2;1,4;2099;1,4292520247737;0,4499513;2,036231;0,3957732;2,014309;-0,2394138;0,8422151;-0,1880345;0,8914852;
06.07.2022 16:42:50;179,205;2;inside;3;0,2;1,4;3498;0,857632933104631;-0,6062176;1,15;-0,6070328;1,201791;0,4499513;2,036231;0,3957732;2,014309;
06.07.2022 16:42:57;185,5132;2;inside;3;0,2;1,4;6308;0,475586556753329;0,6893654;1,621554;0,6462258;1,686119;-0,6062176;1,15;-0,6070328;1,201791;
06.07.2022 16:42:58;187,1124;2;inside;3;0,2;1,4;1599;1,87617260787993;-0,6893655;1,621553;-0,6998976;1,560729;0,6893654;1,621554;0,6462258;1,686119;
06.07.2022 16:43:00;188,7115;2;inside;3;0,2;1,4;1599;1,87617260787993;0,6062179;1,15;0,5189096;1,198152;-0,6893655;1,621553;-0,6998976;1,560729;
06.07.2022 16:43:01;189,911;2;inside;3;0,2;1,4;1200;2,5;-0,4499517;2,036231;-0,4359586;2,020375;0,6062179;1,15;0,5189096;1,198152;
06.07.2022 16:43:04;192,321;2;inside;3;0,2;1,4;2410;1,2448132780083;0,2394144;0,8422153;0,287025;0,8287277;-0,4499517;2,036231;-0,4359586;2,020375;
06.07.2022 16:43:06;194,5201;2;inside;4;0,1;1,4;900;4,44444444444444;-0,2394138;0,8422151;-0,2661273;0,8071601;0;2,2;0,02880931;2,195519;
06.07.2022 16:43:07;196,0194;2;inside;4;0,1;1,4;1499;2,66844563042028;0,4499513;2,036231;0,4072081;2,027205;-0,2394138;0,8422151;-0,2661273;0,8071601;
06.07.2022 16:43:09;197,5188;2;inside;4;0,1;1,4;1499;2,66844563042028;-0,6062176;1,15;-0,6078332;1,147135;0,4499513;2,036231;0,4072081;2,027205;
06.07.2022 16:43:11;200,2175;2;inside;4;0,1;1,4;2699;1,48203038162282;0,6893654;1,621554;0,6751313;1,634067;-0,6062176;1,15;-0,6078332;1,147135;
06.07.2022 16:43:19;207,6252;2;inside;4;0,1;1,4;7408;0,539956803455724;-0,6893655;1,621553;-0,6976478;1,61007;0,6893654;1,621554;0,6751313;1,634067;
06.07.2022 16:43:20;209,2244;2;inside;4;0,1;1,4;1599;2,50156347717323;0,6062179;1,15;0,5901865;1,162254;-0,6893655;1,621553;-0,6976478;1,61007;
06.07.2022 16:43:22;210,3181;2;inside;4;0,1;1,4;1094;3,6563071297989;-0,4499517;2,036231;-0,4313211;2,003784;0,6062179;1,15;0,5901865;1,162254;
06.07.2022 16:43:25;213,9222;2;inside;4;0,1;1,4;3604;1,10987791342952;0,2394144;0,8422153;0,2465846;0,8531137;-0,4499517;2,036231;-0,4313211;2,003784;
06.07.2022 16:43:33;221,7188;2;inside;1,5;1,1;2;1100;1,36363636363636;-0,3420197;0,5603072;-0,2348309;0,9316633;0;2,5;-0,1381633;2,144131;
06.07.2022 16:43:35;223,429;2;inside;1,5;1,1;2;1710;0,87719298245614;0,6427875;2,266045;0,2950171;2,140454;-0,3420197;0,5603072;-0,2348309;0,9316633;
06.07.2022 16:43:35;224,1286;2;inside;1,5;1,1;2;700;2,14285714285714;-0,8660251;0,9999995;-0,8263293;1,085607;0,6427875;2,266045;0,2950171;2,140454;
06.07.2022 16:43:36;224,8283;2;inside;1,5;1,1;2;700;2,14285714285714;0,9848077;1,673648;0,7504583;1,734461;-0,8660251;0,9999995;-0,8263293;1,085607;
06.07.2022 16:43:37;225,4392;2;inside;1,5;1,1;2;611;2,45499181669394;-0,9848078;1,673648;-1,176656;1,748137;0,9848077;1,673648;0,7504583;1,734461;
06.07.2022 16:43:39;227,627;2;inside;1,5;1,1;2;2188;0,685557586837294;0,8660256;1;0,5346122;1,266039;-0,9848078;1,673648;-1,176656;1,748137;
06.07.2022 16:43:40;228,5266;2;inside;1,5;1,1;2;900;1,66666666666667;-0,6427882;2,266044;-0,4835512;2,024496;0,8660256;1;0,5346122;1,266039;
06.07.2022 16:43:40;229,2262;2;inside;1,5;1,1;2;700;2,14285714285714;0,3420205;0,5603075;0,3112878;0,5411307;-0,6427882;2,266044;-0,4835512;2,024496;
06.07.2022 16:46:29;110,8534;2;thighouter;2,5;0,3;1,4;561;4,45632798573975;-0,2394138;0,8422151;-0,1749015;0,7283001;0;2,2;-0,04262334;2,092092;
06.07.2022 16:46:29;111,503;2;thighouter;2,5;0,3;1,4;650;3,84615384615385;0,4499513;2,036231;0,3236941;1,97616;-0,2394138;0,8422151;-0,1749015;0,7283001;
06.07.2022 16:46:30;112,4025;2;thighouter;2,5;0,3;1,4;900;2,77777777777778;-0,6062176;1,15;-0,5588816;1,212572;0,4499513;2,036231;0,3236941;1,97616;
06.07.2022 16:46:31;113,4022;2;thighouter;2,5;0,3;1,4;1000;2,5;0,6893654;1,621554;0,5722635;1,704265;-0,6062176;1,15;-0,5588816;1,212572;
06.07.2022 16:46:33;114,8014;2;thighouter;2,5;0,3;1,4;1399;1,78699070764832;-0,6893655;1,621553;-0,6130484;1,608799;0,6893654;1,621554;0,5722635;1,704265;
06.07.2022 16:46:33;115,3455;2;thighouter;2,5;0,3;1,4;544;4,59558823529412;0,6062179;1,15;0,5778018;1,054791;-0,6893655;1,621553;-0,6130484;1,608799;
06.07.2022 16:46:34;116,2009;2;thighouter;2,5;0,3;1,4;855;2,92397660818713;-0,4499517;2,036231;-0,4646901;2,048769;0,6062179;1,15;0,5778018;1,054791;
06.07.2022 16:46:35;116,8004;2;thighouter;2,5;0,3;1,4;599;4,17362270450751;0,2394144;0,8422153;0,2527664;0,9264029;-0,4499517;2,036231;-0,4646901;2,048769;
06.07.2022 16:46:37;118,8106;2;thighouter;2;0,6;1,8;1410;1,41843971631206;-0,3078177;0,6542765;-0,3696188;0,8338927;0;2,4;-0,02637881;2,169918;
06.07.2022 16:46:38;120,1101;2;thighouter;2;0,6;1,8;1299;1,53964588144727;0,5785087;2,18944;0,4267805;2,112273;-0,3078177;0,6542765;-0,3696188;0,8338927;
06.07.2022 16:46:38;120,6096;2;thighouter;2;0,6;1,8;500;4;-0,7794226;1,05;-0,5809661;1,106806;0,5785087;2,18944;0,4267805;2,112273;
06.07.2022 16:46:41;123,1085;2;thighouter;2;0,6;1,8;2499;0,800320128051221;0,8863269;1,656283;0,6146111;1,634759;-0,7794226;1,05;-0,5809661;1,106806;
06.07.2022 16:46:43;124,9078;2;thighouter;2;0,6;1,8;1799;1,11172873818788;-0,8863271;1,656283;-0,8173479;1,582097;0,8863269;1,656283;0,6146111;1,634759;
06.07.2022 16:46:43;125,5076;2;thighouter;2;0,6;1,8;600;3,33333333333333;0,779423;1,05;0,8509496;1,065918;-0,8863271;1,656283;-0,8173479;1,582097;
06.07.2022 16:46:44;126,1184;2;thighouter;2;0,6;1,8;611;3,27332242225859;-0,5785094;2,18944;-0,6946883;2,039936;0,779423;1,05;0,8509496;1,065918;
06.07.2022 16:46:45;127,4178;2;thighouter;2;0,6;1,8;1299;1,53964588144727;0,3078185;0,6542768;0,1714451;0,8655404;-0,5785094;2,18944;-0,6946883;2,039936;
06.07.2022 16:46:49;131,6473;2;thighouter;4,5;0,1;2,2;2230;2,01793721973094;-0,3762217;0,4663379;-0,3859223;0,5144638;0;2,6;0,002842784;2,563512;
06.07.2022 16:46:53;135,5141;2;thighouter;4,5;0,1;2,2;3867;1,16369278510473;0,7070663;2,342649;0,6915883;2,34594;-0,3762217;0,4663379;-0,3859223;0,5144638;
06.07.2022 16:46:54;136,5134;2;thighouter;4,5;0,1;2,2;999;4,5045045045045;-0,9526277;0,9499994;-0,9292772;0,9638391;0,7070663;2,342649;0,6915883;2,34594;
06.07.2022 16:46:57;139,7121;2;thighouter;4,5;0,1;2,2;3199;1,40668959049703;1,083289;1,691013;1,055446;1,705693;-0,9526277;0,9499994;-0,9292772;0,9638391;
06.07.2022 16:46:59;141,3226;2;thighouter;4,5;0,1;2,2;1610;2,79503105590062;-1,083289;1,691012;-1,080774;1,702372;1,083289;1,691013;1,055446;1,705693;
06.07.2022 16:47:01;143,2216;2;thighouter;4,5;0,1;2,2;1899;2,3696682464455;0,9526281;0,9500003;0,9057316;0,9665873;-1,083289;1,691012;-1,080774;1,702372;
06.07.2022 16:47:04;145,7206;2;thighouter;4,5;0,1;2,2;2499;1,80072028811525;-0,7070671;2,342648;-0,6912888;2,298717;0,9526281;0,9500003;0,9057316;0,9665873;
06.07.2022 16:47:06;147,9195;2;thighouter;4,5;0,1;2,2;2199;2,04638472032742;0,3762226;0,4663382;0,3534266;0,4565623;-0,7070671;2,342648;-0,6912888;2,298717;
06.07.2022 16:47:09;151,1178;2;thighouter;3,5;0,2;2;1599;2,18886804252658;-0,3420197;0,5603072;-0,324413;0,6043058;0;2,5;-0,0156998;2,456378;
06.07.2022 16:47:13;155,2161;2;thighouter;3,5;0,2;2;4098;0,854075158613958;0,6427875;2,266045;0,612675;2,245807;-0,3420197;0,5603072;-0,324413;0,6043058;
06.07.2022 16:47:17;159,5363;2;thighouter;3,5;0,2;2;4320;0,810185185185185;-0,8660251;0,9999995;-0,8108042;1,003297;0,6427875;2,266045;0,612675;2,245807;
06.07.2022 16:47:20;161,8353;2;thighouter;3,5;0,2;2;2299;1,52240104393214;0,9848077;1,673648;0,9396561;1,685589;-0,8660251;0,9999995;-0,8108042;1,003297;
06.07.2022 16:47:23;164,9338;2;thighouter;3,5;0,2;2;3099;1,12939657954179;-0,9848078;1,673648;-0,91133;1,619536;0,9848077;1,673648;0,9396561;1,685589;
06.07.2022 16:47:25;167,0328;2;thighouter;3,5;0,2;2;2099;1,66746069556932;0,8660256;1;0,8055899;1,075652;-0,9848078;1,673648;-0,91133;1,619536;
06.07.2022 16:47:28;169,7317;2;thighouter;3,5;0,2;2;2699;1,29677658391997;-0,6427882;2,266044;-0,6373518;2,242544;0,8660256;1;0,8055899;1,075652;
06.07.2022 16:47:30;172,5303;2;thighouter;3,5;0,2;2;2799;1,25044658806717;0,3420205;0,5603075;0,3297263;0,6358153;-0,6427882;2,266044;-0,6373518;2,242544;
06.07.2022 16:47:40;182,468;2;thighouter;3;0,2;1,4;5828;0,514756348661634;-0,2394138;0,8422151;-0,2914557;0,9196988;0;2,2;0,06648475;2,161766;
06.07.2022 16:47:44;186,2352;2;thighouter;3;0,2;1,4;3767;0,796389700026546;0,4499513;2,036231;0,4483269;1,974398;-0,2394138;0,8422151;-0,2914557;0,9196988;
06.07.2022 16:47:48;190,0443;2;thighouter;3;0,2;1,4;3809;0,787608296140719;-0,6062176;1,15;-0,5684903;1,154109;0,4499513;2,036231;0,4483269;1,974398;
06.07.2022 16:47:52;194,4424;2;thighouter;3;0,2;1,4;4398;0,682128240109141;0,6893654;1,621554;0,6523607;1,629235;-0,6062176;1,15;-0,5684903;1,154109;
06.07.2022 16:48:00;202,3388;2;thighouter;3;0,2;1,4;7896;0,379939209726444;-0,6893655;1,621553;-0,6794079;1,560757;0,6893654;1,621554;0,6523607;1,629235;
06.07.2022 16:48:08;210,6461;2;thighouter;3;0,2;1,4;8307;0,361141206211629;0,6062179;1,15;0,6708187;1,166302;-0,6893655;1,621553;-0,6794079;1,560757;
06.07.2022 16:48:11;212,7451;2;thighouter;3;0,2;1,4;2099;1,4292520247737;-0,4499517;2,036231;-0,4468628;1,985973;0,6062179;1,15;0,6708187;1,166302;
06.07.2022 16:48:13;215,6437;2;thighouter;3;0,2;1,4;2899;1,03483959986202;0,2394144;0,8422153;0,2237881;0,887393;-0,4499517;2,036231;-0,4468628;1,985973;
06.07.2022 16:48:18;219,753;2;thighouter;4;0,1;1,4;1610;2,48447204968944;-0,2394138;0,8422151;-0,2475811;0,8676592;0;2,2;0,002296627;2,199586;
06.07.2022 16:48:23;225,6503;2;thighouter;4;0,1;1,4;5897;0,678311005596066;0,4499513;2,036231;0,4475738;1,989875;-0,2394138;0,8422151;-0,2475811;0,8676592;
06.07.2022 16:48:25;227,2807;2;thighouter;4;0,1;1,4;1630;2,45398773006135;-0,6062176;1,15;-0,6511379;1,169787;0,4499513;2,036231;0,4475738;1,989875;
06.07.2022 16:48:28;229,9483;2;thighouter;4;0,1;1,4;2668;1,49925037481259;0,6893654;1,621554;0,7018657;1,603251;-0,6062176;1,15;-0,6511379;1,169787;
06.07.2022 16:48:28;230,5801;2;thighouter;4;0,1;1,4;632;6,32911392405063;-0,6893655;1,621553;-0,6627206;1,586843;0,6893654;1,621554;0,7018657;1,603251;
06.07.2022 16:48:31;232,7469;2;thighouter;4;0,1;1,4;2167;1,84586986617443;0,6062179;1,15;0,5922576;1,146351;-0,6893655;1,621553;-0,6627206;1,586843;
06.07.2022 16:48:32;234,6463;2;thighouter;4;0,1;1,4;1899;2,10637177461822;-0,4499517;2,036231;-0,4542881;2,027838;0,6062179;1,15;0,5922576;1,146351;
06.07.2022 16:48:41;243,6531;2;thighouter;4;0,1;1,4;9007;0,444099034084601;0,2394144;0,8422153;0,2559877;0,8198979;-0,4499517;2,036231;-0,4542881;2,027838;
06.07.2022 16:48:43;245,0525;2;thighouter;1,5;1,1;2;700;2,14285714285714;-0,3420197;0,5603072;-0,3549185;0,9320889;0;2,5;-0,06300023;2,018758;
06.07.2022 16:48:44;246,4516;2;thighouter;1,5;1,1;2;1399;1,07219442458899;0,6427875;2,266045;0,2964303;2,084823;-0,3420197;0,5603072;-0,3549185;0,9320889;
06.07.2022 16:48:45;247,3513;2;thighouter;1,5;1,1;2;900;1,66666666666667;-0,8660251;0,9999995;-0,7600454;1,179702;0,6427875;2,266045;0,2964303;2,084823;
06.07.2022 16:48:46;247,9511;2;thighouter;1,5;1,1;2;600;2,5;0,9848077;1,673648;0,62385;1,634604;-0,8660251;0,9999995;-0,7600454;1,179702;
06.07.2022 16:48:46;248,562;2;thighouter;1,5;1,1;2;611;2,45499181669394;-0,9848078;1,673648;-0,9856353;1,726235;0,9848077;1,673648;0,62385;1,634604;
06.07.2022 16:48:47;249,1503;2;thighouter;1,5;1,1;2;588;2,55102040816327;0,8660256;1;0,6938892;1,257888;-0,9848078;1,673648;-0,9856353;1,726235;
06.07.2022 16:48:48;250,3498;2;thighouter;1,5;1,1;2;1199;1,25104253544621;-0,6427882;2,266044;-0,7172881;2,557182;0,8660256;1;0,6938892;1,257888;
06.07.2022 16:48:49;251,4606;2;thighouter;1,5;1,1;2;1111;1,35013501350135;0,3420205;0,5603075;0,2205438;0,8605047;-0,6427882;2,266044;-0,7172881;2,557182;
